symbol,radar,accion,score,discard_code,execution_code,quality,freshness,recent,historical,exec_ready,warnings
AMD,OPERAR,COMPRAR,70.4,,BROKER_UNVERIFIED,OK,FreshnessState.FRESH,Severity.OK,Severity.OK,si,"precio extendido 1.0·ATR sobre su media rápida: no persigas, prioriza la zona de entrada ideal o un pullback"
TTE.PA,VIGILAR,ESPERAR,68.5,LOW_SCORE,MISSING_RECENT_DATA,INCOMPLETO,FreshnessState.STALE_1,Severity.MEDIUM,Severity.OK,no,
ENI.MI,VIGILAR,ESPERAR,68.5,LOW_SCORE,MISSING_RECENT_DATA,INCOMPLETO,FreshnessState.STALE_1,Severity.MEDIUM,Severity.OK,no,
R6C0.DE,VIGILAR,ESPERAR,67.2,LOW_SCORE,MISSING_RECENT_DATA,INCOMPLETO,FreshnessState.STALE_1,Severity.MEDIUM,Severity.OK,no,
EUNN.DE,VIGILAR,ESPERAR,64.8,LOW_SCORE,STALE_DATA,DEGRADADO,FreshnessState.STALE_1,Severity.OK,Severity.WARNING,no,
EXH1.DE,VIGILAR,ESPERAR,64.8,LOW_SCORE,STALE_DATA,DEGRADADO,FreshnessState.STALE_1,Severity.OK,Severity.OK,no,
INTC,VIGILAR,ESPERAR,64.1,LOW_SCORE,BROKER_UNVERIFIED,OK,FreshnessState.FRESH,Severity.OK,Severity.OK,si,
9984.T,VIGILAR,ESPERAR,62.2,LOW_SCORE,BROKER_UNVERIFIED,OK,FreshnessState.FRESH,Severity.OK,Severity.OK,si,
ABBV,VIGILAR,ESPERAR,62.2,LOW_SCORE,BROKER_UNVERIFIED,OK,FreshnessState.FRESH,Severity.OK,Severity.OK,si,
EQQQ.DE,VIGILAR,ESPERAR,62.2,LOW_SCORE,STALE_DATA,DEGRADADO,FreshnessState.STALE_1,Severity.OK,Severity.WARNING,no,
CRWD,VIGILAR,ESPERAR,62.2,LOW_SCORE,BROKER_UNVERIFIED,OK,FreshnessState.FRESH,Severity.OK,Severity.OK,si,
META,VIGILAR,ESPERAR,61.6,LOW_SCORE,BROKER_UNVERIFIED,OK,FreshnessState.FRESH,Severity.OK,Severity.OK,si,
MRVL,VIGILAR,ESPERAR,61.6,LOW_SCORE,BROKER_UNVERIFIED,OK,FreshnessState.FRESH,Severity.OK,Severity.OK,si,
CAT,VIGILAR,ESPERAR,61.0,LOW_SCORE,BROKER_UNVERIFIED,OK,FreshnessState.FRESH,Severity.OK,Severity.OK,si,
AAPL,VIGILAR,ESPERAR,61.0,LOW_SCORE,BROKER_UNVERIFIED,OK,FreshnessState.FRESH,Severity.OK,Severity.OK,si,
IFX.DE,VIGILAR,ESPERAR,60.4,LOW_SCORE,MISSING_RECENT_DATA,INCOMPLETO,FreshnessState.STALE_1,Severity.MEDIUM,Severity.OK,no,
EXSA.DE,DESCARTAR,DESCARTAR,59.8,LOW_SCORE,STALE_DATA,DEGRADADO,FreshnessState.STALE_1,Severity.OK,Severity.OK,no,
DBK.DE,DESCARTAR,DESCARTAR,59.8,LOW_SCORE,MISSING_RECENT_DATA,INCOMPLETO,FreshnessState.STALE_1,Severity.MEDIUM,Severity.OK,no,
BRK-B,DESCARTAR,DESCARTAR,59.8,LOW_SCORE,BROKER_UNVERIFIED,OK,FreshnessState.FRESH,Severity.OK,Severity.OK,si,
MUV2.DE,DESCARTAR,DESCARTAR,59.8,LOW_SCORE,MISSING_RECENT_DATA,INCOMPLETO,FreshnessState.STALE_1,Severity.MEDIUM,Severity.OK,no,
AMAT,DESCARTAR,DESCARTAR,59.1,LOW_SCORE,BROKER_UNVERIFIED,OK,FreshnessState.FRESH,Severity.OK,Severity.OK,si,
PANW,DESCARTAR,DESCARTAR,59.1,LOW_SCORE,BROKER_UNVERIFIED,OK,FreshnessState.FRESH,Severity.OK,Severity.OK,si,
TSM,DESCARTAR,DESCARTAR,57.2,LOW_SCORE,BROKER_UNVERIFIED,OK,FreshnessState.FRESH,Severity.OK,Severity.OK,si,
MBG.DE,DESCARTAR,DESCARTAR,56.8,LOW_SCORE,MISSING_RECENT_DATA,INCOMPLETO,FreshnessState.STALE_1,Severity.MEDIUM,Severity.OK,no,
Q8Y0.DE,DESCARTAR,DESCARTAR,56.0,LOW_SCORE,STALE_DATA,DEGRADADO,FreshnessState.STALE_1,Severity.OK,Severity.WARNING,no,
EUNL.DE,DESCARTAR,DESCARTAR,56.0,LOW_SCORE,STALE_DATA,DEGRADADO,FreshnessState.STALE_1,Severity.OK,Severity.WARNING,no,
IQQT.DE,DESCARTAR,DESCARTAR,56.0,LOW_SCORE,STALE_DATA,DEGRADADO,FreshnessState.STALE_1,Severity.OK,Severity.WARNING,no,
CVX,DESCARTAR,DESCARTAR,56.0,LOW_SCORE,BROKER_UNVERIFIED,OK,FreshnessState.FRESH,Severity.OK,Severity.OK,si,
BBVA.MC,DESCARTAR,DESCARTAR,56.0,LOW_SCORE,MISSING_RECENT_DATA,INCOMPLETO,FreshnessState.STALE_1,Severity.MEDIUM,Severity.OK,no,
UCG.MI,DESCARTAR,DESCARTAR,56.0,LOW_SCORE,MISSING_RECENT_DATA,INCOMPLETO,FreshnessState.STALE_1,Severity.MEDIUM,Severity.OK,no,
SAP.DE,DESCARTAR,DESCARTAR,55.4,LOW_SCORE,MISSING_RECENT_DATA,INCOMPLETO,FreshnessState.STALE_1,Severity.MEDIUM,Severity.OK,no,
QCOM,DESCARTAR,DESCARTAR,55.4,LOW_SCORE,BROKER_UNVERIFIED,OK,FreshnessState.FRESH,Severity.OK,Severity.OK,si,
NOW,DESCARTAR,DESCARTAR,55.4,LOW_SCORE,BROKER_UNVERIFIED,OK,FreshnessState.FRESH,Severity.OK,Severity.OK,si,
GS,DESCARTAR,DESCARTAR,54.8,LOW_SCORE,BROKER_UNVERIFIED,OK,FreshnessState.FRESH,Severity.OK,Severity.OK,si,
EUNH.DE,DESCARTAR,DESCARTAR,54.8,LOW_SCORE,STALE_DATA,DEGRADADO,FreshnessState.STALE_1,Severity.OK,Severity.OK,no,
V,DESCARTAR,DESCARTAR,54.8,LOW_SCORE,BROKER_UNVERIFIED,OK,FreshnessState.FRESH,Severity.OK,Severity.OK,si,
XOM,DESCARTAR,DESCARTAR,54.8,LOW_SCORE,BROKER_UNVERIFIED,OK,FreshnessState.FRESH,Severity.OK,Severity.OK,si,
ARM,DESCARTAR,DESCARTAR,54.1,LOW_SCORE,BROKER_UNVERIFIED,OK,FreshnessState.FRESH,Severity.OK,Severity.OK,si,
000660.KS,DESCARTAR,DESCARTAR,54.1,LOW_SCORE,BROKER_UNVERIFIED,OK,FreshnessState.FRESH,Severity.OK,Severity.OK,si,
SIE.DE,DESCARTAR,DESCARTAR,53.5,LOW_SCORE,MISSING_RECENT_DATA,INCOMPLETO,FreshnessState.STALE_1,Severity.MEDIUM,Severity.OK,no,
ZPRR.DE,DESCARTAR,DESCARTAR,53.5,LOW_SCORE,STALE_DATA,DEGRADADO,FreshnessState.STALE_1,Severity.OK,Severity.WARNING,no,
SAF.PA,DESCARTAR,DESCARTAR,53.5,LOW_SCORE,MISSING_RECENT_DATA,INCOMPLETO,FreshnessState.STALE_1,Severity.MEDIUM,Severity.OK,no,
6501.T,DESCARTAR,DESCARTAR,53.5,LOW_SCORE,BROKER_UNVERIFIED,OK,FreshnessState.FRESH,Severity.OK,Severity.OK,si,
GOOGL,DESCARTAR,DESCARTAR,53.5,LOW_SCORE,BROKER_UNVERIFIED,OK,FreshnessState.FRESH,Severity.OK,Severity.OK,si,
IQQK.DE,DESCARTAR,DESCARTAR,53.5,LOW_SCORE,STALE_DATA,DEGRADADO,FreshnessState.STALE_1,Severity.OK,Severity.WARNING,no,
EXV1.DE,DESCARTAR,DESCARTAR,53.5,LOW_SCORE,STALE_DATA,DEGRADADO,FreshnessState.STALE_1,Severity.OK,Severity.OK,no,
MSFT,DESCARTAR,DESCARTAR,53.5,LOW_SCORE,BROKER_UNVERIFIED,OK,FreshnessState.FRESH,Severity.OK,Severity.OK,si,
DTE.DE,DESCARTAR,DESCARTAR,53.5,LOW_SCORE,MISSING_RECENT_DATA,INCOMPLETO,FreshnessState.STALE_1,Severity.MEDIUM,Severity.OK,no,
SAN.MC,DESCARTAR,DESCARTAR,53.5,LOW_SCORE,STALE_DATA,DEGRADADO,FreshnessState.STALE_1,Severity.OK,Severity.OK,no,
PLTR,DESCARTAR,DESCARTAR,52.9,LOW_SCORE,BROKER_UNVERIFIED,OK,FreshnessState.FRESH,Severity.OK,Severity.OK,si,
QDV5.DE,DESCARTAR,DESCARTAR,52.2,LOW_SCORE,STALE_DATA,DEGRADADO,FreshnessState.STALE_1,Severity.OK,Severity.WARNING,no,
MC.PA,DESCARTAR,DESCARTAR,52.2,LOW_SCORE,MISSING_RECENT_DATA,INCOMPLETO,FreshnessState.STALE_1,Severity.MEDIUM,Severity.OK,no,
IBE.MC,DESCARTAR,DESCARTAR,52.2,LOW_SCORE,MISSING_RECENT_DATA,INCOMPLETO,FreshnessState.STALE_1,Severity.MEDIUM,Severity.OK,no,
SXR8.DE,DESCARTAR,DESCARTAR,52.2,LOW_SCORE,STALE_DATA,DEGRADADO,FreshnessState.STALE_1,Severity.OK,Severity.WARNING,no,
ALV.DE,DESCARTAR,DESCARTAR,51.8,LOW_SCORE,MISSING_RECENT_DATA,INCOMPLETO,FreshnessState.STALE_1,Severity.MEDIUM,Severity.OK,no,
NVDA,DESCARTAR,DESCARTAR,51.6,LOW_SCORE,BROKER_UNVERIFIED,OK,FreshnessState.FRESH,Severity.OK,Severity.OK,si,
MU,DESCARTAR,DESCARTAR,51.6,LOW_SCORE,BROKER_UNVERIFIED,OK,FreshnessState.FRESH,Severity.OK,Severity.OK,si,
CRM,DESCARTAR,DESCARTAR,51.6,LOW_SCORE,BROKER_UNVERIFIED,OK,FreshnessState.FRESH,Severity.OK,Severity.OK,si,
ETH-EUR,DESCARTAR,DESCARTAR,51.6,LOW_SCORE,PARTIAL_BAR,OK,FreshnessState.PARTIAL_BAR,Severity.OK,Severity.OK,no,
SOL-EUR,DESCARTAR,DESCARTAR,51.6,LOW_SCORE,PARTIAL_BAR,OK,FreshnessState.PARTIAL_BAR,Severity.OK,Severity.OK,no,
GE,DESCARTAR,DESCARTAR,51.0,LOW_SCORE,BROKER_UNVERIFIED,OK,FreshnessState.FRESH,Severity.OK,Severity.OK,si,
AIR.PA,DESCARTAR,DESCARTAR,51.0,LOW_SCORE,MISSING_RECENT_DATA,INCOMPLETO,FreshnessState.STALE_1,Severity.MEDIUM,Severity.OK,no,
JPM,DESCARTAR,DESCARTAR,51.0,LOW_SCORE,BROKER_UNVERIFIED,OK,FreshnessState.FRESH,Severity.OK,Severity.OK,si,
AZN,DESCARTAR,DESCARTAR,51.0,LOW_SCORE,BROKER_UNVERIFIED,OK,FreshnessState.FRESH,Severity.OK,Severity.OK,si,
6758.T,DESCARTAR,DESCARTAR,51.0,LOW_SCORE,BROKER_UNVERIFIED,OK,FreshnessState.FRESH,Severity.OK,Severity.OK,si,
OR.PA,DESCARTAR,DESCARTAR,51.0,LOW_SCORE,MISSING_RECENT_DATA,INCOMPLETO,FreshnessState.STALE_1,Severity.MEDIUM,Severity.OK,no,
ASML.AS,DESCARTAR,DESCARTAR,50.4,LOW_SCORE,MISSING_RECENT_DATA,INCOMPLETO,FreshnessState.STALE_1,Severity.MEDIUM,Severity.OK,no,
RACE.MI,DESCARTAR,DESCARTAR,49.7,LOW_SCORE,MISSING_RECENT_DATA,INCOMPLETO,FreshnessState.STALE_1,Severity.MEDIUM,Severity.OK,no,
MA,DESCARTAR,DESCARTAR,49.7,LOW_SCORE,BROKER_UNVERIFIED,OK,FreshnessState.FRESH,Severity.OK,Severity.OK,si,
BTC-EUR,DESCARTAR,DESCARTAR,49.2,LOW_SCORE,PARTIAL_BAR,OK,FreshnessState.PARTIAL_BAR,Severity.OK,Severity.OK,no,
IS3N.DE,DESCARTAR,DESCARTAR,49.2,LOW_SCORE,STALE_DATA,DEGRADADO,FreshnessState.STALE_1,Severity.OK,Severity.WARNING,no,
8035.T,DESCARTAR,DESCARTAR,49.1,LOW_SCORE,BROKER_UNVERIFIED,OK,FreshnessState.FRESH,Severity.OK,Severity.OK,si,
APP,DESCARTAR,DESCARTAR,49.1,LOW_SCORE,BROKER_UNVERIFIED,OK,FreshnessState.FRESH,Severity.OK,Severity.OK,si,
6857.T,DESCARTAR,DESCARTAR,49.1,LOW_SCORE,BROKER_UNVERIFIED,OK,FreshnessState.FRESH,Severity.OK,Severity.OK,si,
NOVO-B.CO,DESCARTAR,DESCARTAR,48.5,LOW_SCORE,MISSING_RECENT_DATA,INCOMPLETO,FreshnessState.STALE_1,Severity.MEDIUM,Severity.WARNING,no,
COIN,DESCARTAR,DESCARTAR,48.5,LOW_SCORE,BROKER_UNVERIFIED,OK,FreshnessState.FRESH,Severity.OK,Severity.OK,si,
VVSM.DE,DESCARTAR,DESCARTAR,48.5,LOW_SCORE,STALE_DATA,DEGRADADO,FreshnessState.STALE_1,Severity.OK,Severity.WARNING,no,
ENR.DE,DESCARTAR,DESCARTAR,47.9,LOW_SCORE,MISSING_RECENT_DATA,INCOMPLETO,FreshnessState.STALE_1,Severity.MEDIUM,Severity.OK,no,
AVGO,DESCARTAR,DESCARTAR,47.9,LOW_SCORE,BROKER_UNVERIFIED,OK,FreshnessState.FRESH,Severity.OK,Severity.OK,si,
AMZN,DESCARTAR,DESCARTAR,47.2,LOW_SCORE,BROKER_UNVERIFIED,OK,FreshnessState.FRESH,Severity.OK,Severity.OK,si,
BSP.DE,DESCARTAR,DESCARTAR,47.2,LOW_SCORE,MISSING_RECENT_DATA,INCOMPLETO,FreshnessState.STALE_1,Severity.MEDIUM,Severity.OK,no,
VRTX,DESCARTAR,DESCARTAR,47.2,LOW_SCORE,BROKER_UNVERIFIED,OK,FreshnessState.FRESH,Severity.OK,Severity.OK,si,
SU.PA,DESCARTAR,DESCARTAR,47.2,LOW_SCORE,MISSING_RECENT_DATA,INCOMPLETO,FreshnessState.STALE_1,Severity.MEDIUM,Severity.OK,no,
RRU.DE,DESCARTAR,DESCARTAR,47.2,LOW_SCORE,MISSING_RECENT_DATA,INCOMPLETO,FreshnessState.STALE_1,Severity.MEDIUM,Severity.OK,no,
LRCX,DESCARTAR,DESCARTAR,46.6,LOW_SCORE,BROKER_UNVERIFIED,OK,FreshnessState.FRESH,Severity.OK,Severity.OK,si,
7203.T,DESCARTAR,DESCARTAR,46.0,LOW_SCORE,BROKER_UNVERIFIED,OK,FreshnessState.FRESH,Severity.OK,Severity.OK,si,
7011.T,DESCARTAR,DESCARTAR,45.4,LOW_SCORE,BROKER_UNVERIFIED,OK,FreshnessState.FRESH,Severity.OK,Severity.OK,si,
005930.KS,DESCARTAR,DESCARTAR,45.4,LOW_SCORE,BROKER_UNVERIFIED,OK,FreshnessState.FRESH,Severity.OK,Severity.OK,si,
ORCL,DESCARTAR,DESCARTAR,45.4,LOW_SCORE,BROKER_UNVERIFIED,OK,FreshnessState.FRESH,Severity.OK,Severity.OK,si,
NFLX,DESCARTAR,DESCARTAR,44.7,LOW_SCORE,BROKER_UNVERIFIED,OK,FreshnessState.FRESH,Severity.OK,Severity.OK,si,
TSLA,DESCARTAR,DESCARTAR,44.1,LOW_SCORE,BROKER_UNVERIFIED,OK,FreshnessState.FRESH,Severity.OK,Severity.OK,si,
ITX.MC,DESCARTAR,DESCARTAR,42.2,LOW_SCORE,MISSING_RECENT_DATA,INCOMPLETO,FreshnessState.STALE_1,Severity.MEDIUM,Severity.OK,no,
4GLD.DE,DESCARTAR,DESCARTAR,42.2,LOW_SCORE,STALE_DATA,DEGRADADO,FreshnessState.STALE_1,Severity.OK,Severity.WARNING,no,
ADBE,DESCARTAR,DESCARTAR,41.6,LOW_SCORE,BROKER_UNVERIFIED,OK,FreshnessState.FRESH,Severity.OK,Severity.OK,si,
ADYEN.AS,DESCARTAR,DESCARTAR,41.6,LOW_SCORE,MISSING_RECENT_DATA,INCOMPLETO,FreshnessState.STALE_1,Severity.MEDIUM,Severity.OK,no,
LLY,DESCARTAR,DESCARTAR,41.0,LOW_SCORE,BROKER_UNVERIFIED,OK,FreshnessState.FRESH,Severity.OK,Severity.OK,si,
RTX,DESCARTAR,DESCARTAR,41.0,LOW_SCORE,BROKER_UNVERIFIED,OK,FreshnessState.FRESH,Severity.OK,Severity.OK,si,
ICGA.DE,DESCARTAR,DESCARTAR,39.8,LOW_SCORE,STALE_DATA,DEGRADADO,FreshnessState.STALE_1,Severity.OK,Severity.WARNING,no,
DFEN.DE,DESCARTAR,DESCARTAR,39.8,LOW_SCORE,STALE_DATA,DEGRADADO,FreshnessState.STALE_1,Severity.OK,Severity.WARNING,no,
9988.HK,DESCARTAR,DESCARTAR,36.0,LOW_SCORE,BROKER_UNVERIFIED,OK,FreshnessState.FRESH,Severity.OK,Severity.OK,si,
0700.HK,DESCARTAR,DESCARTAR,36.0,LOW_SCORE,BROKER_UNVERIFIED,OK,FreshnessState.FRESH,Severity.OK,Severity.OK,si,
LMT,DESCARTAR,DESCARTAR,36.0,LOW_SCORE,BROKER_UNVERIFIED,OK,FreshnessState.FRESH,Severity.OK,Severity.OK,si,
1211.HK,DESCARTAR,DESCARTAR,35.4,LOW_SCORE,BROKER_UNVERIFIED,OK,FreshnessState.FRESH,Severity.OK,Severity.OK,si,
INFY,DESCARTAR,DESCARTAR,35.4,LOW_SCORE,BROKER_UNVERIFIED,OK,FreshnessState.FRESH,Severity.OK,Severity.OK,si,
RHM.DE,DESCARTAR,DESCARTAR,35.4,LOW_SCORE,MISSING_RECENT_DATA,INCOMPLETO,FreshnessState.STALE_1,Severity.MEDIUM,Severity.OK,no,
1810.HK,DESCARTAR,DESCARTAR,35.4,LOW_SCORE,BROKER_UNVERIFIED,OK,FreshnessState.FRESH,Severity.OK,Severity.OK,si,
UBER,DESCARTAR,DESCARTAR,35.4,LOW_SCORE,BROKER_UNVERIFIED,OK,FreshnessState.FRESH,Severity.OK,Severity.OK,si,
