tramo_5	A	B	C	D
[0,5)	0	0	0	212
[5,10)	0	0	0	1709
[10,15)	0	0	0	1972
[15,20)	0	219	402	5283
[20,25)	1	1902	1337	4573
[25,30)	475	2922	4332	7110
[30,35)	1937	6414	7528	7049
[35,40)	5566	7357	12428	11236
[40,45)	10433	8433	15915	9414
[45,50)	17909	12422	16057	10583
[50,55)	17300	11638	14802	9931
[55,60)	18118	12675	13105	11084
[60,65)	14381	12859	5240	6669
[65,70)	5548	9378	2110	3948
[70,75)	1865	4667	632	1829
[75,80)	482	2053	177	904
[80,85)	74	771	28	382
[85,90)	5	305	1	159
[90,95)	0	65	0	42
[95,100]	0	14	0	5
