activo	region	n	mediana_D_menos_A
0700.HK	ASIA	1033	-10.0000
1810.HK	ASIA	1033	-8.7750
6501.T	ASIA	1029	-6.2500
6758.T	ASIA	1029	-8.6500
6857.T	ASIA	1029	-6.0000
7011.T	ASIA	1029	-6.6500
7203.T	ASIA	1029	-10.6000
8035.T	ASIA	1029	-7.7500
9988.HK	ASIA	1033	-10.1500
AAPL	USA	1053	-8.6500
ABBV	USA	1053	-9.4000
ADBE	USA	1053	-12.0250
ADYEN.AS	EUROPA	1074	-10.7500
AIR.PA	EUROPA	1074	-7.9000
ALV.DE	EUROPA	1070	-7.0000
AMAT	USA	1053	-7.0000
AMD	USA	1053	-8.7750
AMZN	USA	1053	-7.9000
APP	USA	1053	-7.1250
ARM	USA	618	-7.3125
ASML.AS	EUROPA	1074	-8.6250
AVGO	USA	1053	-6.4000
AZN	EUROPA	1053	-9.4000
BBVA.MC	EUROPA	1075	-6.2500
BRK-B	USA	1053	-8.6500
BSP.DE	EUROPA	1070	-7.9000
CAT	USA	1053	-7.3750
COIN	USA	1053	-9.5000
CRM	USA	1053	-10.9000
CRWD	USA	1053	-8.0250
CVX	USA	1053	-10.0000
DBK.DE	EUROPA	1070	-7.9000
DTE.DE	EUROPA	1070	-9.4000
ENI.MI	EUROPA	1066	-9.5419
ENR.DE	EUROPA	1070	-6.1875
EQQQ.DE	USA	1068	-6.4000
EUNH.DE	EUROPA	1070	-10.1500
EUNL.DE	GLOBAL	1068	-5.6500
EUNN.DE	ASIA	1068	-6.4000
EXH1.DE	EUROPA	1069	-8.5000
EXSA.DE	EUROPA	1069	-6.4000
EXV1.DE	EUROPA	1069	-5.4750
GOOGL	USA	1053	-7.9000
GS	USA	1053	-7.1500
IBE.MC	EUROPA	1075	-7.9000
ICGA.DE	ASIA	1068	-10.9000
IFX.DE	EUROPA	1070	-9.2250
INFY	ASIA	1053	-10.8118
INTC	USA	1053	-9.5250
IQQK.DE	ASIA	1068	-8.6500
IQQT.DE	ASIA	1068	-6.4000
IS3N.DE	EMERGING_MARKETS	1068	-6.9294
ITX.MC	EUROPA	1074	-7.4500
LLY	USA	1053	-8.0250
LMT	USA	1053	-10.7500
MA	USA	1053	-8.5000
MBG.DE	EUROPA	1070	-11.6500
MC.PA	EUROPA	1074	-11.5000
META	USA	1053	-8.5000
MRVL	USA	1053	-8.5250
MSFT	USA	1053	-9.4000
MU	USA	1053	-6.9000
MUV2.DE	EUROPA	1070	-7.9000
NFLX	USA	1053	-7.8750
NOW	USA	1053	-9.9000
NVDA	USA	1053	-6.2500
OR.PA	EUROPA	1074	-10.0000
ORCL	USA	1053	-8.6250
PANW	USA	1053	-7.9000
PLTR	USA	1053	-7.2750
Q8Y0.DE	GLOBAL	323	-4.9000
QCOM	USA	1053	-10.7500
QDV5.DE	ASIA	1068	-10.1500
R6C0.DE	EUROPA	1070	-9.1750
RACE.MI	EUROPA	1066	-8.9500
RRU.DE	EUROPA	1070	-5.4000
SAF.PA	EUROPA	1074	-6.4000
SAP.DE	EUROPA	1070	-8.6500
SIE.DE	EUROPA	1070	-7.7500
SU.PA	EUROPA	1074	-7.8125
SXR8.DE	USA	1068	-6.4000
TSLA	USA	1053	-9.5250
TSM	ASIA	1053	-6.9750
TTE.PA	EUROPA	1074	-9.8750
UBER	USA	1053	-9.2500
V	USA	1053	-8.5000
VRTX	USA	1053	-8.1000
VVSM.DE	GLOBAL	1068	-6.4000
XOM	USA	1053	-9.3875
ZPRR.DE	USA	1068	-7.9000
