symbol,radar,accion,score,discard_code,execution_code,entry_max,entry_max_tecnica,entry_max_rr,manda
000660.KS,VIGILAR,ESPERAR,67.875000,LOW_SCORE,BROKER_UNAVAILABLE,1857000.000000,1923535.714286,1857000.000000,rr
005930.KS,DESCARTAR,DESCARTAR,52.875000,LOW_SCORE,EXECUTABLE,261000.000000,268125.000000,261000.000000,rr
0700.HK,DESCARTAR,DESCARTAR,49.750000,LOW_SCORE,EXECUTABLE,424.474995,426.339282,424.474995,rr
1211.HK,DESCARTAR,DESCARTAR,37.250000,LOW_SCORE,BROKER_UNVERIFIED,81.500000,83.321429,81.500000,rr
1810.HK,DESCARTAR,DESCARTAR,36.625000,LOW_SCORE,EXECUTABLE,26.400000,27.143571,26.400000,rr
4GLD.DE,DESCARTAR,DESCARTAR,48.500000,LOW_SCORE,STALE_DATA,121.209999,122.936071,121.209999,rr
6501.T,VIGILAR,ESPERAR,68.500000,LOW_SCORE,EXECUTABLE,5524.000000,5629.589286,5524.000000,rr
6758.T,DESCARTAR,DESCARTAR,48.500000,LOW_SCORE,EXECUTABLE,3697.000000,3767.446429,3697.000000,rr
6857.T,DESCARTAR,DESCARTAR,57.875000,LOW_SCORE,EXECUTABLE,32050.000000,33244.375000,32050.000000,rr
7011.T,DESCARTAR,DESCARTAR,46.625000,LOW_SCORE,EXECUTABLE,3879.000000,3975.267857,3879.000000,rr
7203.T,DESCARTAR,DESCARTAR,53.500000,LOW_SCORE,EXECUTABLE,3025.000000,3075.491071,3025.000000,rr
8035.T,DESCARTAR,DESCARTAR,56.625000,LOW_SCORE,EXECUTABLE,53110.000000,54844.642857,53110.000000,rr
9984.T,DESCARTAR,DESCARTAR,73.500000,,BROKER_UNAVAILABLE,6315.000000,6644.035714,6315.000000,rr
9988.HK,DESCARTAR,DESCARTAR,39.125000,LOW_SCORE,EXECUTABLE,109.300003,111.780360,109.300003,rr
AAPL,VIGILAR,ESPERAR,62.250000,LOW_SCORE,EXECUTABLE,337.000000,342.873572,337.000000,rr
ABBV,VIGILAR,ESPERAR,64.750000,LOW_SCORE,EXECUTABLE,264.019989,268.183018,264.019989,rr
ADBE,DESCARTAR,DESCARTAR,42.875000,LOW_SCORE,EXECUTABLE,252.669998,260.411071,252.669998,rr
ADYEN.AS,DESCARTAR,DESCARTAR,42.875000,LOW_SCORE,MISSING_RECENT_DATA,914.700012,939.401797,914.700012,rr
AIR.PA,DESCARTAR,DESCARTAR,42.250000,LOW_SCORE,MISSING_RECENT_DATA,196.617501,199.546785,196.617501,rr
ALV.DE,VIGILAR,ESPERAR,62.250000,LOW_SCORE,MISSING_RECENT_DATA,449.200012,453.930367,449.200012,rr
AMAT,VIGILAR,ESPERAR,60.375000,LOW_SCORE,EXECUTABLE,430.411421,430.411421,432.082001,tecnica
AMD,OPERAR,COMPRAR,74.125000,,EXECUTABLE,545.090027,561.572342,545.090027,rr
AMZN,DESCARTAR,DESCARTAR,57.250000,LOW_SCORE,EXECUTABLE,251.190002,255.747857,251.190002,rr
APP,DESCARTAR,DESCARTAR,52.875000,LOW_SCORE,EXECUTABLE,323.119202,333.013720,323.119202,rr
ARM,VIGILAR,ESPERAR,67.875000,LOW_SCORE,EXECUTABLE,264.899994,275.969621,264.899994,rr
ASML.AS,DESCARTAR,DESCARTAR,54.125000,LOW_SCORE,MISSING_RECENT_DATA,1414.065012,1435.703524,1414.065012,rr
AVGO,DESCARTAR,DESCARTAR,49.125000,LOW_SCORE,EXECUTABLE,351.632744,355.319095,351.632744,rr
AZN,DESCARTAR,DESCARTAR,53.500000,LOW_SCORE,EXECUTABLE,166.139999,168.748928,166.139999,rr
BBVA.MC,DESCARTAR,DESCARTAR,57.250000,LOW_SCORE,MISSING_RECENT_DATA,24.719999,25.056964,24.719999,rr
BRK-B,VIGILAR,ESPERAR,66.000000,LOW_SCORE,EXECUTABLE,509.200012,513.590729,509.200012,rr
BSP.DE,DESCARTAR,DESCARTAR,48.500000,LOW_SCORE,MISSING_RECENT_DATA,23.549999,23.998392,23.549999,rr
BTC-EUR,DESCARTAR,DESCARTAR,53.426471,LOW_SCORE,PARTIAL_BAR,67902.867188,69061.919573,67902.867188,rr
CAT,DESCARTAR,DESCARTAR,59.750000,LOW_SCORE,EXECUTABLE,805.534520,815.193227,805.534520,rr
COIN,DESCARTAR,DESCARTAR,52.250000,LOW_SCORE,EXECUTABLE,173.970001,183.241073,173.970001,rr
CRM,DESCARTAR,DESCARTAR,50.375000,LOW_SCORE,EXECUTABLE,242.850006,250.041376,242.850006,rr
CRWD,VIGILAR,ESPERAR,64.125000,LOW_SCORE,EXECUTABLE,245.699997,255.837266,245.699997,rr
CVX,DESCARTAR,DESCARTAR,57.250000,LOW_SCORE,EXECUTABLE,211.570007,215.078400,211.570007,rr
DBK.DE,DESCARTAR,DESCARTAR,54.750000,LOW_SCORE,MISSING_RECENT_DATA,33.630001,34.237769,33.630001,rr
DFEN.DE,DESCARTAR,DESCARTAR,43.500000,LOW_SCORE,STALE_DATA,52.009998,52.543034,52.009998,rr
DTE.DE,DESCARTAR,DESCARTAR,54.750000,LOW_SCORE,MISSING_RECENT_DATA,28.840000,29.292143,28.840000,rr
ENI.MI,VIGILAR,ESPERAR,66.000000,LOW_SCORE,MISSING_RECENT_DATA,24.235001,24.616429,24.235001,rr
ENR.DE,DESCARTAR,DESCARTAR,45.375000,LOW_SCORE,MISSING_RECENT_DATA,139.294994,141.176421,139.294994,rr
EQQQ.DE,DESCARTAR,DESCARTAR,53.500000,LOW_SCORE,STALE_DATA,618.299988,623.296498,618.299988,rr
ETH-EUR,DESCARTAR,DESCARTAR,55.742647,LOW_SCORE,PARTIAL_BAR,2172.679932,2228.577911,2172.679932,rr
EUNH.DE,DESCARTAR,DESCARTAR,46.000000,LOW_SCORE,STALE_DATA,105.331624,105.497587,105.331624,rr
EUNL.DE,DESCARTAR,DESCARTAR,53.500000,LOW_SCORE,STALE_DATA,126.425003,127.154378,126.425003,rr
EUNN.DE,VIGILAR,ESPERAR,66.000000,LOW_SCORE,STALE_DATA,73.250000,74.039107,73.250000,rr
EXH1.DE,VIGILAR,ESPERAR,61.000000,LOW_SCORE,STALE_DATA,56.130001,56.684465,56.130001,rr
EXSA.DE,DESCARTAR,DESCARTAR,54.750000,LOW_SCORE,STALE_DATA,63.145426,63.448932,63.145426,rr
EXV1.DE,DESCARTAR,DESCARTAR,57.250000,LOW_SCORE,STALE_DATA,42.349998,42.819285,42.349998,rr
GE,DESCARTAR,DESCARTAR,49.750000,LOW_SCORE,BROKER_UNAVAILABLE,318.034496,319.588931,318.034496,rr
GOOGL,DESCARTAR,DESCARTAR,57.250000,LOW_SCORE,EXECUTABLE,347.329987,353.278278,347.329987,rr
GS,DESCARTAR,DESCARTAR,54.750000,LOW_SCORE,EXECUTABLE,963.393519,972.616778,963.393519,rr
IBE.MC,VIGILAR,ESPERAR,62.250000,LOW_SCORE,MISSING_RECENT_DATA,20.240000,20.488571,20.240000,rr
ICGA.DE,DESCARTAR,DESCARTAR,41.000000,LOW_SCORE,STALE_DATA,4.701000,4.737616,4.701000,rr
IFX.DE,VIGILAR,ESPERAR,67.875000,LOW_SCORE,MISSING_RECENT_DATA,56.505251,56.825179,56.505251,rr
INFY,DESCARTAR,DESCARTAR,36.625000,LOW_SCORE,EXECUTABLE,11.070000,11.330357,11.070000,rr
INTC,VIGILAR,ESPERAR,67.875000,LOW_SCORE,EXECUTABLE,108.800003,113.026789,108.800003,rr
IQQK.DE,DESCARTAR,DESCARTAR,57.250000,LOW_SCORE,STALE_DATA,112.160004,114.615717,112.160004,rr
IQQT.DE,VIGILAR,ESPERAR,63.500000,LOW_SCORE,STALE_DATA,177.139999,179.820711,177.139999,rr
IS3N.DE,DESCARTAR,DESCARTAR,53.426471,LOW_SCORE,STALE_DATA,47.188999,47.652821,47.188999,rr
ITX.MC,DESCARTAR,DESCARTAR,56.000000,LOW_SCORE,MISSING_RECENT_DATA,53.602856,53.602856,53.704000,tecnica
JPM,DESCARTAR,DESCARTAR,48.500000,LOW_SCORE,BROKER_UNAVAILABLE,349.309998,354.552497,349.309998,rr
LLY,DESCARTAR,DESCARTAR,44.750000,LOW_SCORE,EXECUTABLE,1152.439941,1171.552608,1152.439941,rr
LMT,DESCARTAR,DESCARTAR,41.000000,LOW_SCORE,EXECUTABLE,538.090027,547.726398,538.090027,rr
LRCX,DESCARTAR,DESCARTAR,51.625000,LOW_SCORE,BROKER_UNAVAILABLE,272.538744,279.677673,272.538744,rr
MA,DESCARTAR,DESCARTAR,48.500000,LOW_SCORE,EXECUTABLE,565.729980,571.937841,565.729980,rr
MBG.DE,DESCARTAR,DESCARTAR,49.750000,LOW_SCORE,MISSING_RECENT_DATA,45.365002,46.243840,45.365002,rr
MC.PA,DESCARTAR,DESCARTAR,49.750000,LOW_SCORE,MISSING_RECENT_DATA,417.467503,418.948227,417.467503,rr
META,VIGILAR,ESPERAR,62.875000,LOW_SCORE,EXECUTABLE,682.309998,698.053569,682.309998,rr
MRVL,VIGILAR,ESPERAR,65.375000,LOW_SCORE,EXECUTABLE,240.759995,250.954100,240.759995,rr
MSFT,DESCARTAR,DESCARTAR,57.250000,LOW_SCORE,EXECUTABLE,497.750000,505.435363,497.750000,rr
MU,VIGILAR,ESPERAR,62.875000,LOW_SCORE,EXECUTABLE,977.500000,1009.663754,977.500000,rr
MUV2.DE,DESCARTAR,DESCARTAR,51.000000,LOW_SCORE,MISSING_RECENT_DATA,511.600006,518.505366,511.600006,rr
NFLX,DESCARTAR,DESCARTAR,43.500000,LOW_SCORE,EXECUTABLE,75.309998,76.979283,75.309998,rr
NOVO-B.CO,DESCARTAR,DESCARTAR,49.750000,LOW_SCORE,MISSING_RECENT_DATA,278.495540,278.495540,280.553753,tecnica
NOW,DESCARTAR,DESCARTAR,56.625000,LOW_SCORE,EXECUTABLE,138.470001,143.470357,138.470001,rr
NVDA,DESCARTAR,DESCARTAR,57.250000,LOW_SCORE,EXECUTABLE,219.339996,224.191187,219.339996,rr
OR.PA,DESCARTAR,DESCARTAR,54.750000,LOW_SCORE,MISSING_RECENT_DATA,381.899994,387.932135,381.899994,rr
ORCL,DESCARTAR,DESCARTAR,49.125000,LOW_SCORE,EXECUTABLE,150.589996,156.647854,150.589996,rr
PANW,DESCARTAR,DESCARTAR,57.875000,LOW_SCORE,EXECUTABLE,375.059998,389.969463,375.059998,rr
PLTR,DESCARTAR,DESCARTAR,50.375000,LOW_SCORE,EXECUTABLE,176.240005,181.479184,176.240005,rr
Q8Y0.DE,DESCARTAR,DESCARTAR,47.250000,LOW_SCORE,STALE_DATA,22.382875,22.590624,22.382875,rr
QCOM,VIGILAR,ESPERAR,62.875000,LOW_SCORE,EXECUTABLE,188.710007,194.760204,188.710007,rr
QDV5.DE,DESCARTAR,DESCARTAR,49.750000,LOW_SCORE,STALE_DATA,7.400839,7.400839,7.407375,tecnica
R6C0.DE,DESCARTAR,DESCARTAR,58.500000,LOW_SCORE,MISSING_RECENT_DATA,41.840000,42.414554,41.840000,rr
RACE.MI,VIGILAR,ESPERAR,63.500000,LOW_SCORE,MISSING_RECENT_DATA,356.950012,363.126797,356.950012,rr
RHM.DE,DESCARTAR,DESCARTAR,39.125000,LOW_SCORE,MISSING_RECENT_DATA,1013.000000,1042.185720,1013.000000,rr
RRU.DE,DESCARTAR,DESCARTAR,48.500000,LOW_SCORE,MISSING_RECENT_DATA,16.780001,17.046894,16.780001,rr
RTX,DESCARTAR,DESCARTAR,42.250000,LOW_SCORE,BROKER_UNAVAILABLE,193.539993,196.497138,193.539993,rr
SAF.PA,DESCARTAR,DESCARTAR,46.000000,LOW_SCORE,MISSING_RECENT_DATA,328.279994,331.742847,328.279994,rr
SAN.MC,DESCARTAR,DESCARTAR,59.750000,LOW_SCORE,STALE_DATA,12.690000,12.865821,12.690000,rr
SAP.DE,DESCARTAR,DESCARTAR,56.625000,LOW_SCORE,MISSING_RECENT_DATA,186.559998,191.082495,186.559998,rr
SIE.DE,DESCARTAR,DESCARTAR,54.750000,LOW_SCORE,MISSING_RECENT_DATA,265.013394,265.013394,265.108749,tecnica
SOL-EUR,DESCARTAR,DESCARTAR,59.492647,LOW_SCORE,PARTIAL_BAR,92.169998,94.730010,92.169998,rr
SU.PA,DESCARTAR,DESCARTAR,48.500000,LOW_SCORE,MISSING_RECENT_DATA,279.399994,285.503120,279.399994,rr
SXR8.DE,DESCARTAR,DESCARTAR,53.500000,LOW_SCORE,STALE_DATA,711.840027,716.061455,711.840027,rr
TSLA,DESCARTAR,DESCARTAR,56.625000,LOW_SCORE,EXECUTABLE,366.200012,377.041264,366.200012,rr
TSM,VIGILAR,ESPERAR,67.250000,LOW_SCORE,EXECUTABLE,430.260010,437.917358,430.260010,rr
TTE.PA,VIGILAR,ESPERAR,66.000000,LOW_SCORE,MISSING_RECENT_DATA,80.029999,81.168927,80.029999,rr
UBER,DESCARTAR,DESCARTAR,36.625000,LOW_SCORE,EXECUTABLE,70.870003,72.538592,70.870003,rr
UCG.MI,DESCARTAR,DESCARTAR,51.000000,LOW_SCORE,MISSING_RECENT_DATA,82.919998,84.286605,82.919998,rr
V,DESCARTAR,DESCARTAR,52.250000,LOW_SCORE,EXECUTABLE,369.929993,373.992851,369.929993,rr
VRTX,DESCARTAR,DESCARTAR,48.500000,LOW_SCORE,EXECUTABLE,516.340027,524.491456,516.340027,rr
VVSM.DE,DESCARTAR,DESCARTAR,56.000000,LOW_SCORE,STALE_DATA,89.480003,91.169110,89.480003,rr
XOM,DESCARTAR,DESCARTAR,56.000000,LOW_SCORE,EXECUTABLE,163.270004,166.181611,163.270004,rr
ZPRR.DE,DESCARTAR,DESCARTAR,48.500000,LOW_SCORE,STALE_DATA,73.480500,73.614644,73.480500,rr
