dia,equity_eur
2022-06-14,100000.0
2022-06-14,100000.0
2022-06-15,100000.0
2022-06-16,100000.0
2022-06-17,100000.0
2022-06-20,100000.0
2022-06-21,100000.0
2022-06-22,100000.0
2022-06-23,100000.0
2022-06-24,100000.0
2022-06-27,100000.0
2022-06-28,100000.0
2022-06-29,100000.0
2022-06-30,100000.0
2022-07-01,100000.0
2022-07-04,100000.0
2022-07-05,100000.0
2022-07-06,100000.0
2022-07-07,100000.0
2022-07-08,100000.0
2022-07-11,100000.0
2022-07-12,100000.0
2022-07-13,100000.0
2022-07-14,100000.0
2022-07-15,100000.0
2022-07-18,100000.0
2022-07-19,100000.0
2022-07-20,100000.0
2022-07-21,100000.0
2022-07-22,100000.0
2022-07-25,100000.0
2022-07-26,100000.0
2022-07-27,100000.0
2022-07-28,100000.0
2022-07-29,100000.0
2022-08-01,100000.0
2022-08-02,100000.0
2022-08-03,100000.0
2022-08-04,100000.0
2022-08-05,100000.0
2022-08-08,100000.0
2022-08-09,100000.0
2022-08-10,100000.0
2022-08-11,100000.0
2022-08-12,100000.0
2022-08-15,100000.0
2022-08-16,100000.0
2022-08-17,100000.0
2022-08-18,100000.0
2022-08-19,100000.0
2022-08-22,100000.0
2022-08-23,100000.0
2022-08-24,100000.0
2022-08-25,100000.0
2022-08-26,100000.0
2022-08-29,100000.0
2022-08-30,100000.0
2022-08-31,100000.0
2022-09-01,100000.0
2022-09-02,100000.0
2022-09-05,100000.0
2022-09-06,100000.0
2022-09-07,100000.0
2022-09-08,100000.0
2022-09-09,100000.0
2022-09-12,100000.0
2022-09-13,100000.0
2022-09-14,100000.0
2022-09-15,100000.0
2022-09-16,100000.0
2022-09-19,100000.0
2022-09-20,100000.0
2022-09-21,100000.0
2022-09-22,100000.0
2022-09-23,100000.0
2022-09-26,100000.0
2022-09-27,100000.0
2022-09-28,100000.0
2022-09-29,100000.0
2022-09-30,100000.0
2022-10-03,100000.0
2022-10-04,100000.0
2022-10-05,100000.0
2022-10-06,100000.0
2022-10-07,100000.0
2022-10-10,100000.0
2022-10-11,100000.0
2022-10-12,100000.0
2022-10-13,100000.0
2022-10-14,100000.0
2022-10-17,100000.0
2022-10-18,100000.0
2022-10-19,100000.0
2022-10-20,100000.0
2022-10-21,100000.0
2022-10-24,100000.0
2022-10-25,100000.0
2022-10-26,100000.0
2022-10-27,100000.0
2022-10-28,100000.0
2022-10-31,100000.0
2022-11-01,100000.0
2022-11-02,100000.0
2022-11-03,100000.0
2022-11-04,100000.0
2022-11-07,100000.0
2022-11-08,100000.0
2022-11-09,100000.0
2022-11-10,100000.0
2022-11-11,99490.39899991201
2022-11-14,99602.74777187017
2022-11-15,99406.79015488431
2022-11-16,99107.89048748938
2022-11-17,99147.09620565012
2022-11-18,98967.83082995022
2022-11-21,98779.3633519177
2022-11-22,98806.42842765505
2022-11-23,98938.7286403982
2022-11-24,98789.67704995566
2022-11-25,98644.44877456079
2022-11-28,98365.3918687014
2022-11-29,98437.72645319077
2022-11-30,99279.81111895331
2022-12-01,98677.59811592237
2022-12-02,98524.31983069067
2022-12-05,97754.92755952003
2022-12-06,97927.69118290932
2022-12-07,97162.71553120854
2022-12-08,98099.73534065745
2022-12-09,99052.81441712962
2022-12-12,98347.14130751425
2022-12-13,99035.2500444502
2022-12-14,98770.6010587702
2022-12-15,97047.95169233957
2022-12-16,96038.19612590113
2022-12-19,95482.17501414227
2022-12-20,95389.75188943306
2022-12-21,95881.20243791323
2022-12-22,95949.40080154504
2022-12-23,95337.88332204538
2022-12-26,95581.54415086485
2022-12-27,95814.50492597066
2022-12-28,95777.43778626242
2022-12-29,96043.60816446057
2022-12-30,95473.79287123244
2023-01-02,96181.61353354141
2023-01-03,97457.83452817984
2023-01-04,98568.72316874767
2023-01-05,99020.91177690422
2023-01-06,101157.30092227738
2023-01-09,100511.98191329543
2023-01-10,100506.82579677104
2023-01-11,100594.75786274992
2023-01-12,100698.47263560002
2023-01-13,101119.46949132805
2023-01-16,101161.2660480479
2023-01-17,101695.34438406379
2023-01-18,101335.45118241658
2023-01-19,100826.17665033363
2023-01-20,102502.70084970898
2023-01-23,103007.69732574429
2023-01-24,103148.25827601698
2023-01-25,103230.79550823831
2023-01-26,103869.68729804315
2023-01-27,104138.04068680311
2023-01-30,102452.66072151906
2023-01-31,102425.75338076775
2023-02-01,103120.54520919382
2023-02-02,103005.60361217501
2023-02-03,103058.36241154664
2023-02-06,102341.24152975065
2023-02-07,103170.79076861384
2023-02-08,102513.10360862684
2023-02-09,102913.61102225675
2023-02-10,102379.89399898038
2023-02-13,102618.33602635142
2023-02-14,102911.13246087547
2023-02-15,103561.3192129642
2023-02-16,102564.47410951387
2023-02-17,101289.23797239698
2023-02-20,101147.34764772619
2023-02-21,99595.05881446235
2023-02-22,98803.39279264532
2023-02-23,100875.66734569869
2023-02-24,100247.68798610075
2023-02-27,100882.23293880242
2023-02-28,100411.22579854992
2023-03-01,100428.6058294736
2023-03-02,100878.2768014047
2023-03-03,101868.27431210759
2023-03-06,102086.16110193174
2023-03-07,101514.10768420275
2023-03-08,102760.60358726385
2023-03-09,102361.30023251643
2023-03-10,101337.52949371304
2023-03-13,100947.15415187337
2023-03-14,101900.95498482027
2023-03-15,103403.87774570356
2023-03-16,105505.01571150927
2023-03-17,105608.24190746393
2023-03-20,104576.81517563453
2023-03-21,104439.36949395022
2023-03-22,104420.43907089968
2023-03-23,105069.70284859659
2023-03-24,104843.66067918648
2023-03-27,104337.9042894085
2023-03-28,103337.56657245397
2023-03-29,104103.09707310284
2023-03-30,104812.34549146202
2023-03-31,105651.99464945128
2023-04-03,105155.79362767983
2023-04-04,104831.28315674646
2023-04-05,103618.28176707102
2023-04-06,103711.04957799864
2023-04-07,103711.04957799864
2023-04-10,103916.86213615935
2023-04-11,103784.15550387178
2023-04-12,103509.84791736226
2023-04-13,103627.96621108416
2023-04-14,103661.46648913098
2023-04-17,103437.36941469957
2023-04-18,103685.0950161255
2023-04-19,103066.44327475585
2023-04-20,102839.90978637972
2023-04-21,102974.36723882079
2023-04-24,102556.09604710308
2023-04-25,102106.07436959303
2023-04-26,101650.75435178292
2023-04-27,102083.08072633891
2023-04-28,102437.53298120669
2023-05-01,102497.07553029418
2023-05-02,102378.61454647416
2023-05-03,102256.35683345009
2023-05-04,102075.95301422017
2023-05-05,103180.50626250963
2023-05-08,103209.63997223761
2023-05-09,103266.0555913443
2023-05-10,103431.71547177626
2023-05-11,103331.7761564225
2023-05-12,103730.97442791311
2023-05-15,103678.13768326656
2023-05-16,103767.91240176155
2023-05-17,104353.30964547225
2023-05-18,105418.97146089398
2023-05-19,105609.45066857002
2023-05-22,105176.15695084124
2023-05-23,103953.27732888298
2023-05-24,102781.65990034037
2023-05-25,103295.4277243786
2023-05-26,104358.6472255062
2023-05-29,104187.00184728188
2023-05-30,103835.82146446244
2023-05-31,102778.3064877017
2023-06-01,103482.9641442234
2023-06-02,104469.85284950792
2023-06-05,104022.8630855253
2023-06-06,104904.77339799014
2023-06-07,103825.78155173728
2023-06-08,104175.87446061088
2023-06-09,104948.48957761392
2023-06-12,106318.56689475013
2023-06-13,107121.34880456382
2023-06-14,108089.981540506
2023-06-15,107915.63083282503
2023-06-16,106703.94819848042
2023-06-19,106449.74927099663
2023-06-20,106591.3082387965
2023-06-21,105072.03523325248
2023-06-22,104183.81715528428
2023-06-23,103397.91393427792
2023-06-26,102742.02340374346
2023-06-27,103585.08482072517
2023-06-28,104459.97523274035
2023-06-29,104552.08451040773
2023-06-30,105285.71479956774
2023-07-03,105900.9020141538
2023-07-04,105553.84659858225
2023-07-05,105950.05709892008
2023-07-06,103839.37405194683
2023-07-07,103856.1858568852
2023-07-10,104515.63525868971
2023-07-11,105152.94143515812
2023-07-12,105693.24271613649
2023-07-13,105807.49192805142
2023-07-14,104953.09767376026
2023-07-17,105566.02321572526
2023-07-18,106107.48584393722
2023-07-19,106579.9434613178
2023-07-20,104424.29493888012
2023-07-21,104658.92238972167
2023-07-24,104984.55397835476
2023-07-25,105154.9360386784
2023-07-26,106212.76585197568
2023-07-27,107120.4261253811
2023-07-28,107926.39916124166
2023-07-31,109311.364920458
2023-08-01,108969.62108928738
2023-08-02,106968.85434836843
2023-08-03,104766.77232833602
2023-08-04,105236.50747474642
2023-08-07,105412.90504674037
2023-08-08,105090.75186168822
2023-08-09,105519.62203895397
2023-08-10,105768.7733314414
2023-08-11,105440.0881018797
2023-08-14,105904.71720800457
2023-08-15,105519.95953289521
2023-08-16,105193.3025731636
2023-08-17,104607.14578320173
2023-08-18,104579.56370361752
2023-08-21,104406.41042375998
2023-08-22,104939.06041012197
2023-08-23,105470.30601635219
2023-08-24,105605.27434547473
2023-08-25,105109.78387104976
2023-08-28,105710.99385313797
2023-08-29,106312.46283124253
2023-08-30,106552.57900690011
2023-08-31,106850.31014461625
2023-09-01,107269.19641387244
2023-09-04,107729.37490455344
2023-09-05,107796.75283498844
2023-09-06,108569.4712455338
2023-09-07,108640.17363911477
2023-09-08,108752.71408657762
2023-09-11,109048.09074108783
2023-09-12,109198.1272868158
2023-09-13,109026.70781074332
2023-09-14,110491.61510471207
2023-09-15,110386.33367126127
2023-09-18,110339.46545180572
2023-09-19,108421.17517860822
2023-09-20,108075.49055552683
2023-09-21,107422.41130860278
2023-09-22,106553.18955051791
2023-09-25,106034.55453683686
2023-09-26,105952.85841304596
2023-09-27,106103.62528459987
2023-09-28,106872.7265060202
2023-09-29,106398.0247104495
2023-10-02,106016.20946700213
2023-10-03,105301.47205526344
2023-10-04,104775.4510220213
2023-10-05,104802.2536572005
2023-10-06,105288.7839358463
2023-10-09,105135.62760094879
2023-10-10,105578.61701080648
2023-10-11,105501.88960668327
2023-10-12,105509.72435617293
2023-10-13,105406.34981062819
2023-10-16,105283.3005758619
2023-10-17,105665.53481472142
2023-10-18,105681.38923273023
2023-10-19,105875.53371619919
2023-10-20,105531.58718246174
2023-10-23,105496.53974155615
2023-10-24,105044.02682545283
2023-10-25,105315.3491611914
2023-10-26,105507.44470060736
2023-10-27,105591.39079870709
2023-10-30,106127.44785376571
2023-10-31,105515.30419445601
2023-11-01,105515.30419445601
2023-11-02,105515.30419445601
2023-11-03,105515.30419445601
2023-11-06,105515.30419445601
2023-11-07,105515.30419445601
2023-11-08,105515.30419445601
2023-11-09,105211.90721900763
2023-11-10,105293.2083390719
2023-11-13,105419.94513970974
2023-11-14,105569.8243365655
2023-11-15,105197.12368977333
2023-11-16,104841.45708661307
2023-11-17,105677.0722783962
2023-11-20,105862.94972945892
2023-11-21,105556.84969507626
2023-11-22,105381.17938156499
2023-11-23,105652.36544224867
2023-11-24,105520.23379328285
2023-11-27,104879.11811907488
2023-11-28,105213.57091076851
2023-11-29,105954.86688373028
2023-11-30,106489.7714591226
2023-12-01,106624.76511876963
2023-12-04,105986.6396290659
2023-12-05,105898.72242276547
2023-12-06,106241.75687440298
2023-12-07,106339.82552374541
2023-12-08,106864.70652762125
2023-12-11,107821.60505672944
2023-12-12,108241.28878446261
2023-12-13,109521.41012487866
2023-12-14,109094.78897991267
2023-12-15,109940.71967258558
2023-12-18,109922.82999979191
2023-12-19,110025.05834513747
2023-12-20,108456.92325275352
2023-12-21,109616.25940501502
2023-12-22,109442.71986000983
2023-12-25,109554.14643325056
2023-12-26,110044.61464663991
2023-12-27,110134.14975635469
2023-12-28,110387.09647965927
2023-12-29,110621.87225731471
2024-01-02,110350.46080506044
2024-01-03,109605.92716310723
2024-01-04,108850.42449126321
2024-01-05,109176.37401598279
2024-01-08,109957.26066035294
2024-01-09,110214.58297669224
2024-01-10,110618.15943534736
2024-01-11,111331.97280381336
2024-01-12,112178.60247095367
2024-01-15,111857.50371409002
2024-01-16,112194.02905030259
2024-01-17,111851.36628314825
2024-01-18,112847.40336994127
2024-01-19,115266.78432437865
2024-01-22,115924.04819305014
2024-01-23,115477.22576177125
2024-01-24,117223.27535235515
2024-01-25,117310.22825879822
2024-01-26,117042.37301746398
2024-01-29,118294.73282040787
2024-01-30,118378.91969855553
2024-01-31,117049.71484920842
2024-02-01,117146.67675014668
2024-02-02,117446.43262566121
2024-02-05,117728.04542387344
2024-02-06,118914.04200837068
2024-02-07,120066.76601175363
2024-02-08,120294.27014864789
2024-02-09,121151.18162964963
2024-02-12,121820.87905384914
2024-02-13,120663.66587400429
2024-02-14,121218.061193551
2024-02-15,120759.42201520999
2024-02-16,120495.6699737405
2024-02-19,120178.6367849812
2024-02-20,118912.4490376871
2024-02-21,116113.68390570136
2024-02-22,118179.54195910515
2024-02-23,117948.16228685164
2024-02-26,119868.89261813357
2024-02-27,120369.48464680515
2024-02-28,121107.10949216268
2024-02-29,121773.13117017907
2024-03-01,122112.27378220501
2024-03-04,122213.42530890615
2024-03-05,121662.94782605968
2024-03-06,122550.10564716638
2024-03-07,123841.16170689632
2024-03-08,122147.26234724828
2024-03-11,121790.48490741014
2024-03-12,122415.14728183408
2024-03-13,122649.44476041077
2024-03-14,122860.2513808119
2024-03-15,121292.63172806986
2024-03-18,122317.32405613463
2024-03-19,122512.0900982316
2024-03-20,122929.97311123848
2024-03-21,124204.14904153255
2024-03-22,125187.00932315218
2024-03-25,124347.16294802369
2024-03-26,124257.20558071823
2024-03-27,124041.57321034445
2024-03-28,124246.67806734059
2024-03-29,124353.47685834877
2024-04-01,124421.1730283819
2024-04-02,124632.99926491309
2024-04-03,124135.65982323616
2024-04-04,123304.32547132742
2024-04-05,123346.70416304225
2024-04-08,123696.27305127383
2024-04-09,123598.39365430805
2024-04-10,123562.49489505365
2024-04-11,124846.42447662761
2024-04-12,124855.12201471918
2024-04-15,123592.55852063184
2024-04-16,122728.60322011399
2024-04-17,122500.64536168917
2024-04-18,121908.2941965397
2024-04-19,120571.77259809655
2024-04-22,120803.17605542387
2024-04-23,121121.36376406538
2024-04-24,121093.9268057362
2024-04-25,121298.40482125642
2024-04-26,121770.87431017164
2024-04-29,121712.2171219812
2024-04-30,121235.05685876086
2024-05-01,121265.20234925924
2024-05-02,121669.81479814881
2024-05-03,121694.05358767239
2024-05-06,122140.7967360989
2024-05-07,122278.1663663899
2024-05-08,122415.26030536692
2024-05-09,123426.77867727922
2024-05-10,123815.87045832901
2024-05-13,123599.05673056799
2024-05-14,124382.00536810886
2024-05-15,125667.55907182164
2024-05-16,124225.47910482391
2024-05-17,124356.86065222364
2024-05-20,124999.57776621691
2024-05-21,125228.03957691102
2024-05-22,125429.30140428773
2024-05-23,125096.2756883096
2024-05-24,125574.67311644931
2024-05-27,126252.1119898013
2024-05-28,125754.80702287721
2024-05-29,124737.28231493126
2024-05-30,124433.99337252982
2024-05-31,123400.1878665793
2024-06-03,125054.83535737549
2024-06-04,124754.88765686512
2024-06-05,126747.1771010043
2024-06-06,126944.71453587196
2024-06-07,127287.13035011143
2024-06-10,128593.67582001915
2024-06-11,129339.1513373951
2024-06-12,130163.40341838036
2024-06-13,131281.59856048928
2024-06-14,131660.7059631496
2024-06-17,131303.95737729824
2024-06-18,131721.2452259422
2024-06-19,131687.67293895752
2024-06-20,131713.71110311378
2024-06-21,130691.01054596766
2024-06-24,130569.2902015647
2024-06-25,130326.74594582903
2024-06-26,130534.91472588683
2024-06-27,131026.75695162138
2024-06-28,131380.7339872623
2024-07-01,131416.81144616904
2024-07-02,131722.8602308138
2024-07-03,132175.73336915998
2024-07-04,132801.76520938822
2024-07-05,132727.6964148206
2024-07-08,133208.81332024583
2024-07-09,133342.09575011613
2024-07-10,133242.6410627017
2024-07-11,131868.78142546566
2024-07-12,132592.94221573567
2024-07-15,132477.8329733091
2024-07-16,133107.259247536
2024-07-17,131284.94330694003
2024-07-18,128823.4677519694
2024-07-19,127655.64224459647
2024-07-22,127931.77301273086
2024-07-23,129445.6326297468
2024-07-24,127934.99025828873
2024-07-25,127060.48750138117
2024-07-26,128253.96062785658
2024-07-29,127473.65168120427
2024-07-30,127641.90085750885
2024-07-31,127794.53821413813
2024-08-01,126374.35645178676
2024-08-02,124340.81378918356
2024-08-05,121083.52021361967
2024-08-06,121075.3596348582
2024-08-07,121230.146167993
2024-08-08,121457.35497805693
2024-08-09,121575.117303389
2024-08-12,121581.84577172465
2024-08-13,121452.99515337507
2024-08-14,121467.96492881732
2024-08-15,121554.59927073622
2024-08-16,121514.56169152682
2024-08-19,121520.19378058569
2024-08-20,121087.4643873955
2024-08-21,121082.31735022398
2024-08-22,120928.24609612179
2024-08-23,121061.59405608216
2024-08-26,121093.62461116949
2024-08-27,121259.97586111655
2024-08-28,121280.7539468187
2024-08-29,121825.84297302907
2024-08-30,122201.07338750633
2024-09-02,122236.32402929573
2024-09-03,121169.02838610855
2024-09-04,120423.0813644251
2024-09-05,119494.44359283311
2024-09-06,118373.28191856295
2024-09-09,118505.32783812413
2024-09-10,118460.48004546342
2024-09-11,118547.99857846549
2024-09-12,119059.74098359986
2024-09-13,119481.68278109342
2024-09-16,119580.01987644103
2024-09-17,120178.55982051668
2024-09-18,120321.11160773455
2024-09-19,121076.97624622483
2024-09-20,120671.17433648919
2024-09-23,122316.0243020842
2024-09-24,123115.315676962
2024-09-25,122100.16030200775
2024-09-26,123981.73487792819
2024-09-27,124356.46233467173
2024-09-30,123226.40810593296
2024-10-01,124202.63327059358
2024-10-02,124664.39080199231
2024-10-03,124238.46450293338
2024-10-04,125121.04560324877
2024-10-07,125592.73423913491
2024-10-08,126537.08867100436
2024-10-09,127794.66588352626
2024-10-10,127145.70104936967
2024-10-11,128759.84844435494
2024-10-14,129755.66319262583
2024-10-15,129291.1139723017
2024-10-16,130040.19760975246
2024-10-17,130781.78907975665
2024-10-18,131060.16307351855
2024-10-21,130318.815075536
2024-10-22,130264.47681825089
2024-10-23,129871.87850164986
2024-10-24,129856.2069198896
2024-10-25,129968.52905811518
2024-10-28,130435.16900528799
2024-10-29,130467.2084571683
2024-10-30,129615.09767305462
2024-10-31,127605.8225246465
2024-11-01,127619.60609103458
2024-11-04,126748.0953085163
2024-11-05,128264.26370341078
2024-11-06,133085.20774089388
2024-11-07,133323.34260855248
2024-11-08,133399.80770374052
2024-11-11,135637.5723435848
2024-11-12,135042.16317111155
2024-11-13,135007.48326076235
2024-11-14,135965.62383734237
2024-11-15,134950.19125628512
2024-11-18,135090.47942614913
2024-11-19,135219.07082342185
2024-11-20,135090.5826609924
2024-11-21,136136.6569033615
2024-11-22,137317.58551430108
2024-11-25,136858.91010143765
2024-11-26,137047.36351940822
2024-11-27,136317.21705950965
2024-11-28,136379.97707958426
2024-11-29,137099.67238614804
2024-12-02,138025.4813429844
2024-12-03,138568.33512098785
2024-12-04,139036.0255212187
2024-12-05,138883.92588030227
2024-12-06,139014.41235116846
2024-12-09,138493.26646187546
2024-12-10,137897.9109909444
2024-12-11,139033.5153643127
2024-12-12,139415.42338686247
2024-12-13,138189.44864750226
2024-12-16,139072.51278962241
2024-12-17,138068.65407503027
2024-12-18,136274.37103000842
2024-12-19,135441.0267770801
2024-12-20,135962.00447566228
2024-12-23,136329.32483992758
2024-12-24,136546.82700272056
2024-12-25,136575.34842183627
2024-12-26,136708.56448607857
2024-12-27,136535.41828163198
2024-12-30,135521.5658643417
2024-12-31,135500.06483010628
2025-01-02,136436.99560975307
2025-01-03,136914.8230056042
2025-01-06,136735.53065802052
2025-01-07,136469.9884403726
2025-01-08,136909.60246545606
2025-01-09,136466.3040128515
2025-01-10,136038.93990994306
2025-01-13,135915.28009517814
2025-01-14,134575.00557024867
2025-01-15,135202.69833401637
2025-01-16,136332.73992411114
2025-01-17,137261.99228971967
2025-01-20,137202.39790066483
2025-01-21,138227.48913290512
2025-01-22,139072.4215641527
2025-01-23,139557.4252628969
2025-01-24,139098.74808463457
2025-01-27,133809.21806673968
2025-01-28,134236.3748073026
2025-01-29,134110.03388230462
2025-01-30,134433.49239929477
2025-01-31,134076.74418996563
2025-02-03,134488.1558553133
2025-02-04,136960.51277353722
2025-02-05,136572.4649784873
2025-02-06,138326.04704802588
2025-02-07,137052.0086520747
2025-02-10,137653.4757724555
2025-02-11,138448.5503006438
2025-02-12,138296.75097221843
2025-02-13,140963.7191897685
2025-02-14,142283.036975257
2025-02-17,143708.96869256857
2025-02-18,144964.43191017647
2025-02-19,144630.50281045662
2025-02-20,143993.60845011225
2025-02-21,143223.1670623065
2025-02-24,141854.93300679277
2025-02-25,140535.4553537094
2025-02-26,142995.3991307216
2025-02-27,142342.59382907557
2025-02-28,141384.88284868168
2025-03-03,141494.88048631744
2025-03-04,138678.1159991242
2025-03-05,139825.66810242532
2025-03-06,139507.23679498138
2025-03-07,138123.9019230109
2025-03-10,136759.7536494492
2025-03-11,136301.1619333877
2025-03-12,136619.74917901412
2025-03-13,136559.08560069842
2025-03-14,137268.0286407316
2025-03-17,137536.6757501307
2025-03-18,138598.43030347308
2025-03-19,138381.8026114895
2025-03-20,137416.57080504816
2025-03-21,137169.6102996399
2025-03-24,137296.6403930896
2025-03-25,137456.64369764162
2025-03-26,137526.2876241182
2025-03-27,137160.21191994278
2025-03-28,136642.88175615008
2025-03-31,135729.12531051913
2025-04-01,136001.69438870187
2025-04-02,135836.52462689223
2025-04-03,134411.41350571119
2025-04-04,134195.73099657465
2025-04-07,132871.81501191822
2025-04-08,132871.81501191822
2025-04-09,132871.81501191822
2025-04-10,132871.81501191822
2025-04-11,132871.81501191822
2025-04-14,132871.81501191822
2025-04-15,132871.81501191822
2025-04-16,132871.81501191822
2025-04-17,132871.81501191822
2025-04-18,132871.81501191822
2025-04-21,132871.81501191822
2025-04-22,132871.81501191822
2025-04-23,132871.81501191822
2025-04-24,132871.81501191822
2025-04-25,132871.81501191822
2025-04-28,132871.81501191822
2025-04-29,132871.81501191822
2025-04-30,132871.81501191822
2025-05-01,132871.81501191822
2025-05-02,132871.81501191822
2025-05-05,132871.81501191822
2025-05-06,132871.81501191822
2025-05-07,132871.81501191822
2025-05-08,132871.81501191822
2025-05-09,132871.81501191822
2025-05-12,133017.9973812162
2025-05-13,133225.05553330004
2025-05-14,133016.0967409941
2025-05-15,133633.81994685848
2025-05-16,133791.7789915297
2025-05-19,134138.19132603667
2025-05-20,134788.36445271238
2025-05-21,134041.2825963311
2025-05-22,134455.2623760789
2025-05-23,134674.8606342112
2025-05-26,134667.3307031793
2025-05-27,135033.40166682005
2025-05-28,134821.42004766315
2025-05-29,134960.044364326
2025-05-30,134198.43222936115
2025-06-02,133514.03873855277
2025-06-03,133978.58331485736
2025-06-04,133938.88438278466
2025-06-05,133997.45365026267
2025-06-06,134887.6595311435
2025-06-09,135881.64038324833
2025-06-10,135947.63901871117
2025-06-11,135179.15598865392
2025-06-12,135155.55778939812
2025-06-13,134039.39945227478
2025-06-16,135080.15902621587
2025-06-17,135564.4999820416
2025-06-18,136358.89342618408
2025-06-19,135051.0654237276
2025-06-20,134906.9415896669
2025-06-23,134461.8356943246
2025-06-24,137088.9303556521
2025-06-25,137220.76713697167
2025-06-26,138478.35636206434
2025-06-27,138969.20975940762
2025-06-30,138896.5755154587
2025-07-01,137544.55274814708
2025-07-02,138490.59025359695
2025-07-03,139358.11825211407
2025-07-04,138530.0841341588
2025-07-07,138240.00789607383
2025-07-08,139389.90326939998
2025-07-09,139859.2605846154
2025-07-10,140165.32408040023
2025-07-11,139893.3154506638
2025-07-14,139296.1800413609
2025-07-15,139406.66122249575
2025-07-16,139278.2941093502
2025-07-17,140610.73259039276
2025-07-18,140115.67273395453
2025-07-21,140111.75722681617
2025-07-22,138515.17610989642
2025-07-23,139651.87803695266
2025-07-24,139530.1008655022
2025-07-25,139334.82794376573
2025-07-28,139974.92127801548
2025-07-29,140849.7491406215
2025-07-30,140494.7249390805
2025-07-31,141307.53080669377
2025-08-01,139956.33763867378
2025-08-04,139869.75561507567
2025-08-05,139677.27425735266
2025-08-06,140086.88969222573
2025-08-07,140865.65634207593
2025-08-08,141457.538683925
2025-08-11,141273.60907748665
2025-08-12,142736.53373218467
2025-08-13,143150.42829243152
2025-08-14,142229.70031896044
2025-08-15,142573.2519570774
2025-08-18,143241.68853736683
2025-08-19,142023.19406175162
2025-08-20,141241.95427961551
2025-08-21,141379.27455209542
2025-08-22,142624.86401322144
2025-08-25,141914.6472395442
2025-08-26,141890.6752133306
2025-08-27,142883.259645965
2025-08-28,142836.53608511196
2025-08-29,142012.45123171134
2025-09-01,141717.95484458955
2025-09-02,141389.85253076325
2025-09-03,141428.7701778566
2025-09-04,141926.24130272187
2025-09-05,140916.21376097752
2025-09-08,141186.74118290734
2025-09-09,141785.28412428964
2025-09-10,141909.59288877892
2025-09-11,142781.62622317113
2025-09-12,141990.59949800337
2025-09-15,143085.17991366296
2025-09-16,142476.68880140266
2025-09-17,142412.14254672124
2025-09-18,144604.93687171143
2025-09-19,145007.17377525766
2025-09-22,145327.80612540228
2025-09-23,145753.27670642931
2025-09-24,146841.6574799963
2025-09-25,147242.37348913332
2025-09-26,146916.99658025557
2025-09-29,146848.63186359988
2025-09-30,146828.8989232719
2025-10-01,148629.93957089234
2025-10-02,149209.91580239517
2025-10-03,149656.29655996294
2025-10-06,150796.82390751733
2025-10-07,149351.21643120953
2025-10-08,151226.86388175772
2025-10-09,151149.6195900337
2025-10-10,146759.3856275328
2025-10-13,149195.9240874721
2025-10-14,147709.35489533658
2025-10-15,151325.47547258413
2025-10-16,152081.62867462524
2025-10-17,151433.19539221248
2025-10-20,153865.36193634875
2025-10-21,152865.24488256162
2025-10-22,151754.71757739835
2025-10-23,153270.01216987442
2025-10-24,153391.56374522232
2025-10-27,156212.39819038176
2025-10-28,155991.33921563445
2025-10-29,157370.983354935
2025-10-30,157923.49045742332
2025-10-31,158507.88943910596
2025-11-03,160134.31548453326
2025-11-04,158912.93162043852
2025-11-05,159473.08991146978
2025-11-06,158591.31898550922
2025-11-07,156618.22702475547
2025-11-10,159211.97442671936
2025-11-11,158126.1876919442
2025-11-12,157949.56447620768
2025-11-13,155909.4159545328
2025-11-14,153835.70478351333
2025-11-17,152991.54605499434
2025-11-18,150342.21068707202
2025-11-19,149992.45015453416
2025-11-20,150116.06512117328
2025-11-21,149635.40228410607
2025-11-24,149873.15292659323
2025-11-25,150327.32563478948
2025-11-26,152117.20860611158
2025-11-27,151956.98411319073
2025-11-28,152249.43777221133
2025-12-01,151496.27686194988
2025-12-02,151682.57385295082
2025-12-03,151171.44123281812
2025-12-04,151299.34037858178
2025-12-05,150997.8912144056
2025-12-08,150213.07520434068
2025-12-09,151074.90238183847
2025-12-10,151532.86891652358
2025-12-11,150754.35267415858
2025-12-12,149113.21017650832
2025-12-15,149528.26141023566
2025-12-16,149025.48100541317
2025-12-17,148895.70958992082
2025-12-18,149138.27976337413
2025-12-19,151282.98355241134
2025-12-22,151757.9401132234
2025-12-23,152066.8636989927
2025-12-24,152299.89892578637
2025-12-25,152251.69346133174
2025-12-26,152290.8927547966
2025-12-29,152289.16396222654
2025-12-30,152308.0137545067
2025-12-31,151992.771490834
2026-01-02,152805.63735834463
2026-01-05,153160.42661967868
2026-01-06,154877.21954131976
2026-01-07,154428.81351665573
2026-01-08,152538.81217064188
2026-01-09,154785.15985630368
2026-01-12,154576.02668029035
2026-01-13,157083.16504302915
2026-01-14,156107.50858030317
2026-01-15,158206.51953645173
2026-01-16,158040.98211265064
2026-01-19,157062.98153236165
2026-01-20,154313.77996174115
2026-01-21,156290.7544408656
2026-01-22,156961.37629291898
2026-01-23,154776.23597907863
2026-01-26,154884.37509828652
2026-01-27,155326.5212807958
2026-01-28,155426.9291475074
2026-01-29,154912.01726960042
2026-01-30,154999.28011442078
2026-02-02,154821.74613487994
2026-02-03,156284.74446141592
2026-02-04,154813.89831966115
2026-02-05,151347.66791278796
2026-02-06,152950.97885331864
2026-02-09,153351.12237657735
2026-02-10,152581.12831313355
2026-02-11,153987.0891352928
2026-02-12,153220.5121253733
2026-02-13,153759.10046193263
2026-02-16,153567.8294063029
2026-02-17,154183.31096039864
2026-02-18,155525.6225179321
2026-02-19,156562.51058767398
2026-02-20,155816.52525521483
2026-02-23,155483.61056612586
2026-02-24,156064.44618898546
2026-02-25,156479.77492026737
2026-02-26,155610.9159325294
2026-02-27,155464.0670664038
2026-03-02,155107.6347313195
2026-03-03,150525.5005461236
2026-03-04,150459.65190170115
2026-03-05,148525.31300976686
2026-03-06,148563.86045659645
2026-03-09,146506.17742206124
2026-03-10,146645.58758146316
2026-03-11,147141.75068964757
2026-03-12,147392.87530580928
2026-03-13,147740.62968551583
2026-03-16,148232.09649325983
2026-03-17,148302.03981793672
2026-03-18,148166.4963744206
2026-03-19,148254.05832161577
2026-03-20,148075.96726071584
2026-03-23,148354.6127555553
2026-03-24,148772.25543466402
2026-03-25,148695.60937745016
2026-03-26,148044.91082220612
2026-03-27,147954.8456300493
2026-03-30,147416.1580126522
2026-03-31,148214.9547490681
2026-04-01,148547.72245280168
2026-04-02,149082.1027758321
2026-04-03,149082.1027758321
2026-04-06,149384.88157895603
2026-04-07,149462.5087473925
2026-04-08,151501.40183738555
2026-04-09,152522.07190400516
2026-04-10,153931.67826908373
2026-04-13,153980.10916265062
2026-04-14,155784.83710979047
2026-04-15,155517.69409421048
2026-04-16,155941.22397084025
2026-04-17,157847.4456013805
2026-04-20,156432.52950143605
2026-04-21,156509.2202283925
2026-04-22,158327.46551992308
2026-04-23,159333.96764680545
2026-04-24,162529.97159091817
2026-04-27,161380.84260507356
2026-04-28,158337.68006685755
2026-04-29,159366.52388646774
2026-04-30,161283.20334319206
2026-05-01,162045.2815708441
2026-05-04,161038.06685151043
2026-05-05,164262.63266847667
2026-05-06,166393.32475074544
2026-05-07,166254.8317990075
2026-05-08,170931.13039463223
2026-05-11,171544.27642390714
2026-05-12,169628.51929576992
2026-05-13,172855.81375151066
2026-05-14,175040.36555752868
2026-05-15,172717.51104758322
2026-05-18,171541.75239296892
2026-05-19,170778.896381032
2026-05-20,175000.5828671089
2026-05-21,176359.9926498603
2026-05-22,177291.26498892388
2026-05-25,178345.68236183218
2026-05-26,179748.4084345122
2026-05-27,179924.83369117498
2026-05-28,179965.7188664316
2026-05-29,179893.75876498548
2026-06-01,180654.41157654626
2026-06-02,182065.26617767042
2026-06-03,181314.90826586203
2026-06-04,180615.81167832908
2026-06-05,174932.71581171412
2026-06-08,174098.97155004187
2026-06-09,174138.57342433764
2026-06-10,173742.0927377715
2026-06-11,174520.32304347405
2026-06-12,177010.77225360417
2026-06-15,177856.2235353941
2026-06-16,177006.6688542792
2026-06-17,178644.59863285662
2026-06-18,180901.10178387593
2026-06-19,180265.4625915556
2026-06-22,182546.44738403457
2026-06-23,177903.73480850895
2026-06-24,177965.62589676253
2026-06-25,180096.30554724814
2026-06-26,176775.18900808925
2026-06-29,176767.42350649496
2026-06-30,179216.30125383395
2026-07-01,179048.10321457777
2026-07-02,179740.3123121468
2026-07-03,181440.67682989844
2026-07-06,181624.6025611543
2026-07-07,178698.09029740473
2026-07-08,174899.91463544444
2026-07-09,175920.3867684234
2026-07-10,175874.66807267218
2026-07-13,175052.0535474483
2026-07-14,174869.93348010245
2026-07-15,174875.38461957482
2026-07-16,175467.8444615287
2026-07-17,174273.6790675233
2026-07-20,173896.48363107722
2026-07-21,174900.106288834
2026-07-22,176360.38124385313
2026-07-23,174634.90687683734
2026-07-24,176234.2737620195
2026-07-27,177050.84958893835
2026-07-28,178089.6601660818
2026-07-29,177865.06090575134
2026-07-30,178607.18306148384
2026-07-31,178026.69436436606
2026-08-03,178889.72964282727
2026-08-04,179549.68714715162
2026-08-05,178711.89804032713
2026-08-06,179603.9057919844
2026-08-07,179749.59206750858
2026-08-10,180910.3505549467
2026-08-11,180981.3276791072
2026-08-12,179780.39178071616
2026-08-13,180663.7832744833
2026-08-14,179971.5254370311
2026-08-17,178928.03434822406
2026-08-18,179438.57435771864
2026-08-19,180028.87603902456
2026-08-20,179346.3461515618
2026-08-21,180260.5733532641
2026-08-24,180098.80766502573
2026-08-25,180294.52097794384
2026-08-26,180156.43743014644
2026-08-27,180445.84056884746
