activo	sesion_senal	analysis_timestamp_utc	faltas
AAPL	2025-10-23	2025-10-24T07:30:00+00:00	510300.SS:falta_ultima_cerrada:2025-10-24
AAPL	2025-10-24	2025-10-27T08:30:00+00:00	510300.SS:falta_anterior_cerrada:2025-10-24
AAPL	2026-08-27	2026-08-28T07:30:00+00:00	510300.SS:falta_ultima_cerrada:2026-08-28
MSFT	2025-10-23	2025-10-24T07:30:00+00:00	510300.SS:falta_ultima_cerrada:2025-10-24
MSFT	2025-10-24	2025-10-27T08:30:00+00:00	510300.SS:falta_anterior_cerrada:2025-10-24
MSFT	2026-08-27	2026-08-28T07:30:00+00:00	510300.SS:falta_ultima_cerrada:2026-08-28
GOOGL	2025-10-23	2025-10-24T07:30:00+00:00	510300.SS:falta_ultima_cerrada:2025-10-24
GOOGL	2025-10-24	2025-10-27T08:30:00+00:00	510300.SS:falta_anterior_cerrada:2025-10-24
GOOGL	2026-08-27	2026-08-28T07:30:00+00:00	510300.SS:falta_ultima_cerrada:2026-08-28
AMZN	2025-10-23	2025-10-24T07:30:00+00:00	510300.SS:falta_ultima_cerrada:2025-10-24
AMZN	2025-10-24	2025-10-27T08:30:00+00:00	510300.SS:falta_anterior_cerrada:2025-10-24
AMZN	2026-08-27	2026-08-28T07:30:00+00:00	510300.SS:falta_ultima_cerrada:2026-08-28
META	2025-10-23	2025-10-24T07:30:00+00:00	510300.SS:falta_ultima_cerrada:2025-10-24
META	2025-10-24	2025-10-27T08:30:00+00:00	510300.SS:falta_anterior_cerrada:2025-10-24
META	2026-08-27	2026-08-28T07:30:00+00:00	510300.SS:falta_ultima_cerrada:2026-08-28
TSLA	2025-10-23	2025-10-24T07:30:00+00:00	510300.SS:falta_ultima_cerrada:2025-10-24
TSLA	2025-10-24	2025-10-27T08:30:00+00:00	510300.SS:falta_anterior_cerrada:2025-10-24
TSLA	2026-08-27	2026-08-28T07:30:00+00:00	510300.SS:falta_ultima_cerrada:2026-08-28
ORCL	2025-10-23	2025-10-24T07:30:00+00:00	510300.SS:falta_ultima_cerrada:2025-10-24
ORCL	2025-10-24	2025-10-27T08:30:00+00:00	510300.SS:falta_anterior_cerrada:2025-10-24
ORCL	2026-08-27	2026-08-28T07:30:00+00:00	510300.SS:falta_ultima_cerrada:2026-08-28
CRM	2025-10-23	2025-10-24T07:30:00+00:00	510300.SS:falta_ultima_cerrada:2025-10-24
CRM	2025-10-24	2025-10-27T08:30:00+00:00	510300.SS:falta_anterior_cerrada:2025-10-24
CRM	2026-08-27	2026-08-28T07:30:00+00:00	510300.SS:falta_ultima_cerrada:2026-08-28
NOW	2025-10-23	2025-10-24T07:30:00+00:00	510300.SS:falta_ultima_cerrada:2025-10-24
NOW	2025-10-24	2025-10-27T08:30:00+00:00	510300.SS:falta_anterior_cerrada:2025-10-24
NOW	2026-08-27	2026-08-28T07:30:00+00:00	510300.SS:falta_ultima_cerrada:2026-08-28
ADBE	2025-10-23	2025-10-24T07:30:00+00:00	510300.SS:falta_ultima_cerrada:2025-10-24
ADBE	2025-10-24	2025-10-27T08:30:00+00:00	510300.SS:falta_anterior_cerrada:2025-10-24
ADBE	2026-08-27	2026-08-28T07:30:00+00:00	510300.SS:falta_ultima_cerrada:2026-08-28
NFLX	2025-10-23	2025-10-24T07:30:00+00:00	510300.SS:falta_ultima_cerrada:2025-10-24
NFLX	2025-10-24	2025-10-27T08:30:00+00:00	510300.SS:falta_anterior_cerrada:2025-10-24
NFLX	2026-08-27	2026-08-28T07:30:00+00:00	510300.SS:falta_ultima_cerrada:2026-08-28
NVDA	2025-10-23	2025-10-24T07:30:00+00:00	510300.SS:falta_ultima_cerrada:2025-10-24
NVDA	2025-10-24	2025-10-27T08:30:00+00:00	510300.SS:falta_anterior_cerrada:2025-10-24
NVDA	2026-08-27	2026-08-28T07:30:00+00:00	510300.SS:falta_ultima_cerrada:2026-08-28
AVGO	2025-10-23	2025-10-24T07:30:00+00:00	510300.SS:falta_ultima_cerrada:2025-10-24
AVGO	2025-10-24	2025-10-27T08:30:00+00:00	510300.SS:falta_anterior_cerrada:2025-10-24
AVGO	2026-08-27	2026-08-28T07:30:00+00:00	510300.SS:falta_ultima_cerrada:2026-08-28
AMD	2025-10-23	2025-10-24T07:30:00+00:00	510300.SS:falta_ultima_cerrada:2025-10-24
AMD	2025-10-24	2025-10-27T08:30:00+00:00	510300.SS:falta_anterior_cerrada:2025-10-24
AMD	2026-08-27	2026-08-28T07:30:00+00:00	510300.SS:falta_ultima_cerrada:2026-08-28
MU	2025-10-23	2025-10-24T07:30:00+00:00	510300.SS:falta_ultima_cerrada:2025-10-24
MU	2025-10-24	2025-10-27T08:30:00+00:00	510300.SS:falta_anterior_cerrada:2025-10-24
MU	2026-08-27	2026-08-28T07:30:00+00:00	510300.SS:falta_ultima_cerrada:2026-08-28
QCOM	2025-10-23	2025-10-24T07:30:00+00:00	510300.SS:falta_ultima_cerrada:2025-10-24
QCOM	2025-10-24	2025-10-27T08:30:00+00:00	510300.SS:falta_anterior_cerrada:2025-10-24
QCOM	2026-08-27	2026-08-28T07:30:00+00:00	510300.SS:falta_ultima_cerrada:2026-08-28
MRVL	2025-10-23	2025-10-24T07:30:00+00:00	510300.SS:falta_ultima_cerrada:2025-10-24
MRVL	2025-10-24	2025-10-27T08:30:00+00:00	510300.SS:falta_anterior_cerrada:2025-10-24
MRVL	2026-08-27	2026-08-28T07:30:00+00:00	510300.SS:falta_ultima_cerrada:2026-08-28
INTC	2025-10-23	2025-10-24T07:30:00+00:00	510300.SS:falta_ultima_cerrada:2025-10-24
INTC	2025-10-24	2025-10-27T08:30:00+00:00	510300.SS:falta_anterior_cerrada:2025-10-24
INTC	2026-08-27	2026-08-28T07:30:00+00:00	510300.SS:falta_ultima_cerrada:2026-08-28
AMAT	2025-10-23	2025-10-24T07:30:00+00:00	510300.SS:falta_ultima_cerrada:2025-10-24
AMAT	2025-10-24	2025-10-27T08:30:00+00:00	510300.SS:falta_anterior_cerrada:2025-10-24
AMAT	2026-08-27	2026-08-28T07:30:00+00:00	510300.SS:falta_ultima_cerrada:2026-08-28
ARM	2025-10-23	2025-10-24T07:30:00+00:00	510300.SS:falta_ultima_cerrada:2025-10-24
ARM	2025-10-24	2025-10-27T08:30:00+00:00	510300.SS:falta_anterior_cerrada:2025-10-24
ARM	2026-08-27	2026-08-28T07:30:00+00:00	510300.SS:falta_ultima_cerrada:2026-08-28
PLTR	2025-10-23	2025-10-24T07:30:00+00:00	510300.SS:falta_ultima_cerrada:2025-10-24
PLTR	2025-10-24	2025-10-27T08:30:00+00:00	510300.SS:falta_anterior_cerrada:2025-10-24
PLTR	2026-08-27	2026-08-28T07:30:00+00:00	510300.SS:falta_ultima_cerrada:2026-08-28
PANW	2025-10-23	2025-10-24T07:30:00+00:00	510300.SS:falta_ultima_cerrada:2025-10-24
PANW	2025-10-24	2025-10-27T08:30:00+00:00	510300.SS:falta_anterior_cerrada:2025-10-24
PANW	2026-08-27	2026-08-28T07:30:00+00:00	510300.SS:falta_ultima_cerrada:2026-08-28
CRWD	2025-10-23	2025-10-24T07:30:00+00:00	510300.SS:falta_ultima_cerrada:2025-10-24
CRWD	2025-10-24	2025-10-27T08:30:00+00:00	510300.SS:falta_anterior_cerrada:2025-10-24
CRWD	2026-08-27	2026-08-28T07:30:00+00:00	510300.SS:falta_ultima_cerrada:2026-08-28
UBER	2025-10-23	2025-10-24T07:30:00+00:00	510300.SS:falta_ultima_cerrada:2025-10-24
UBER	2025-10-24	2025-10-27T08:30:00+00:00	510300.SS:falta_anterior_cerrada:2025-10-24
UBER	2026-08-27	2026-08-28T07:30:00+00:00	510300.SS:falta_ultima_cerrada:2026-08-28
APP	2025-10-23	2025-10-24T07:30:00+00:00	510300.SS:falta_ultima_cerrada:2025-10-24
APP	2025-10-24	2025-10-27T08:30:00+00:00	510300.SS:falta_anterior_cerrada:2025-10-24
APP	2026-08-27	2026-08-28T07:30:00+00:00	510300.SS:falta_ultima_cerrada:2026-08-28
GS	2025-10-23	2025-10-24T07:30:00+00:00	510300.SS:falta_ultima_cerrada:2025-10-24
GS	2025-10-24	2025-10-27T08:30:00+00:00	510300.SS:falta_anterior_cerrada:2025-10-24
GS	2026-08-27	2026-08-28T07:30:00+00:00	510300.SS:falta_ultima_cerrada:2026-08-28
V	2025-10-23	2025-10-24T07:30:00+00:00	510300.SS:falta_ultima_cerrada:2025-10-24
V	2025-10-24	2025-10-27T08:30:00+00:00	510300.SS:falta_anterior_cerrada:2025-10-24
V	2026-08-27	2026-08-28T07:30:00+00:00	510300.SS:falta_ultima_cerrada:2026-08-28
MA	2025-10-23	2025-10-24T07:30:00+00:00	510300.SS:falta_ultima_cerrada:2025-10-24
MA	2025-10-24	2025-10-27T08:30:00+00:00	510300.SS:falta_anterior_cerrada:2025-10-24
MA	2026-08-27	2026-08-28T07:30:00+00:00	510300.SS:falta_ultima_cerrada:2026-08-28
BRK-B	2025-10-23	2025-10-24T07:30:00+00:00	510300.SS:falta_ultima_cerrada:2025-10-24
BRK-B	2025-10-24	2025-10-27T08:30:00+00:00	510300.SS:falta_anterior_cerrada:2025-10-24
BRK-B	2026-08-27	2026-08-28T07:30:00+00:00	510300.SS:falta_ultima_cerrada:2026-08-28
LLY	2025-10-23	2025-10-24T07:30:00+00:00	510300.SS:falta_ultima_cerrada:2025-10-24
LLY	2025-10-24	2025-10-27T08:30:00+00:00	510300.SS:falta_anterior_cerrada:2025-10-24
LLY	2026-08-27	2026-08-28T07:30:00+00:00	510300.SS:falta_ultima_cerrada:2026-08-28
ABBV	2025-10-23	2025-10-24T07:30:00+00:00	510300.SS:falta_ultima_cerrada:2025-10-24
ABBV	2025-10-24	2025-10-27T08:30:00+00:00	510300.SS:falta_anterior_cerrada:2025-10-24
ABBV	2026-08-27	2026-08-28T07:30:00+00:00	510300.SS:falta_ultima_cerrada:2026-08-28
VRTX	2025-10-23	2025-10-24T07:30:00+00:00	510300.SS:falta_ultima_cerrada:2025-10-24
VRTX	2025-10-24	2025-10-27T08:30:00+00:00	510300.SS:falta_anterior_cerrada:2025-10-24
VRTX	2026-08-27	2026-08-28T07:30:00+00:00	510300.SS:falta_ultima_cerrada:2026-08-28
LMT	2025-10-23	2025-10-24T07:30:00+00:00	510300.SS:falta_ultima_cerrada:2025-10-24
LMT	2025-10-24	2025-10-27T08:30:00+00:00	510300.SS:falta_anterior_cerrada:2025-10-24
LMT	2026-08-27	2026-08-28T07:30:00+00:00	510300.SS:falta_ultima_cerrada:2026-08-28
CAT	2025-10-23	2025-10-24T07:30:00+00:00	510300.SS:falta_ultima_cerrada:2025-10-24
CAT	2025-10-24	2025-10-27T08:30:00+00:00	510300.SS:falta_anterior_cerrada:2025-10-24
CAT	2026-08-27	2026-08-28T07:30:00+00:00	510300.SS:falta_ultima_cerrada:2026-08-28
XOM	2025-10-23	2025-10-24T07:30:00+00:00	510300.SS:falta_ultima_cerrada:2025-10-24
XOM	2025-10-24	2025-10-27T08:30:00+00:00	510300.SS:falta_anterior_cerrada:2025-10-24
XOM	2026-08-27	2026-08-28T07:30:00+00:00	510300.SS:falta_ultima_cerrada:2026-08-28
CVX	2025-10-23	2025-10-24T07:30:00+00:00	510300.SS:falta_ultima_cerrada:2025-10-24
CVX	2025-10-24	2025-10-27T08:30:00+00:00	510300.SS:falta_anterior_cerrada:2025-10-24
CVX	2026-08-27	2026-08-28T07:30:00+00:00	510300.SS:falta_ultima_cerrada:2026-08-28
COIN	2025-10-23	2025-10-24T07:30:00+00:00	510300.SS:falta_ultima_cerrada:2025-10-24
COIN	2025-10-24	2025-10-27T08:30:00+00:00	510300.SS:falta_anterior_cerrada:2025-10-24
COIN	2026-08-27	2026-08-28T07:30:00+00:00	510300.SS:falta_ultima_cerrada:2026-08-28
SAP.DE	2025-10-24	2025-10-27T07:00:00+00:00	510300.SS:falta_ultima_cerrada:2025-10-24
SAP.DE	2025-10-27	2025-10-28T07:00:00+00:00	510300.SS:falta_anterior_cerrada:2025-10-24
SIE.DE	2025-10-24	2025-10-27T07:00:00+00:00	510300.SS:falta_ultima_cerrada:2025-10-24
SIE.DE	2025-10-27	2025-10-28T07:00:00+00:00	510300.SS:falta_anterior_cerrada:2025-10-24
ALV.DE	2025-10-24	2025-10-27T07:00:00+00:00	510300.SS:falta_ultima_cerrada:2025-10-24
ALV.DE	2025-10-27	2025-10-28T07:00:00+00:00	510300.SS:falta_anterior_cerrada:2025-10-24
MBG.DE	2025-10-24	2025-10-27T07:00:00+00:00	510300.SS:falta_ultima_cerrada:2025-10-24
MBG.DE	2025-10-27	2025-10-28T07:00:00+00:00	510300.SS:falta_anterior_cerrada:2025-10-24
ENR.DE	2025-10-24	2025-10-27T07:00:00+00:00	510300.SS:falta_ultima_cerrada:2025-10-24
ENR.DE	2025-10-27	2025-10-28T07:00:00+00:00	510300.SS:falta_anterior_cerrada:2025-10-24
DTE.DE	2025-10-24	2025-10-27T07:00:00+00:00	510300.SS:falta_ultima_cerrada:2025-10-24
DTE.DE	2025-10-27	2025-10-28T07:00:00+00:00	510300.SS:falta_anterior_cerrada:2025-10-24
DBK.DE	2025-10-24	2025-10-27T07:00:00+00:00	510300.SS:falta_ultima_cerrada:2025-10-24
DBK.DE	2025-10-27	2025-10-28T07:00:00+00:00	510300.SS:falta_anterior_cerrada:2025-10-24
MUV2.DE	2025-10-24	2025-10-27T07:00:00+00:00	510300.SS:falta_ultima_cerrada:2025-10-24
MUV2.DE	2025-10-27	2025-10-28T07:00:00+00:00	510300.SS:falta_anterior_cerrada:2025-10-24
IFX.DE	2025-10-24	2025-10-27T07:00:00+00:00	510300.SS:falta_ultima_cerrada:2025-10-24
IFX.DE	2025-10-27	2025-10-28T07:00:00+00:00	510300.SS:falta_anterior_cerrada:2025-10-24
ASML.AS	2025-10-24	2025-10-27T07:00:00+00:00	510300.SS:falta_ultima_cerrada:2025-10-24
ASML.AS	2025-10-27	2025-10-28T07:00:00+00:00	510300.SS:falta_anterior_cerrada:2025-10-24
ADYEN.AS	2025-10-24	2025-10-27T07:00:00+00:00	510300.SS:falta_ultima_cerrada:2025-10-24
ADYEN.AS	2025-10-27	2025-10-28T07:00:00+00:00	510300.SS:falta_anterior_cerrada:2025-10-24
MC.PA	2025-10-24	2025-10-27T07:00:00+00:00	510300.SS:falta_ultima_cerrada:2025-10-24
MC.PA	2025-10-27	2025-10-28T07:00:00+00:00	510300.SS:falta_anterior_cerrada:2025-10-24
AIR.PA	2025-10-24	2025-10-27T07:00:00+00:00	510300.SS:falta_ultima_cerrada:2025-10-24
AIR.PA	2025-10-27	2025-10-28T07:00:00+00:00	510300.SS:falta_anterior_cerrada:2025-10-24
SU.PA	2025-10-24	2025-10-27T07:00:00+00:00	510300.SS:falta_ultima_cerrada:2025-10-24
SU.PA	2025-10-27	2025-10-28T07:00:00+00:00	510300.SS:falta_anterior_cerrada:2025-10-24
SAF.PA	2025-10-24	2025-10-27T07:00:00+00:00	510300.SS:falta_ultima_cerrada:2025-10-24
SAF.PA	2025-10-27	2025-10-28T07:00:00+00:00	510300.SS:falta_anterior_cerrada:2025-10-24
TTE.PA	2025-10-24	2025-10-27T07:00:00+00:00	510300.SS:falta_ultima_cerrada:2025-10-24
TTE.PA	2025-10-27	2025-10-28T07:00:00+00:00	510300.SS:falta_anterior_cerrada:2025-10-24
OR.PA	2025-10-24	2025-10-27T07:00:00+00:00	510300.SS:falta_ultima_cerrada:2025-10-24
OR.PA	2025-10-27	2025-10-28T07:00:00+00:00	510300.SS:falta_anterior_cerrada:2025-10-24
IBE.MC	2025-10-24	2025-10-27T07:00:00+00:00	510300.SS:falta_ultima_cerrada:2025-10-24
IBE.MC	2025-10-27	2025-10-28T07:00:00+00:00	510300.SS:falta_anterior_cerrada:2025-10-24
ITX.MC	2025-10-24	2025-10-27T07:00:00+00:00	510300.SS:falta_ultima_cerrada:2025-10-24
ITX.MC	2025-10-27	2025-10-28T07:00:00+00:00	510300.SS:falta_anterior_cerrada:2025-10-24
BBVA.MC	2025-10-24	2025-10-27T07:00:00+00:00	510300.SS:falta_ultima_cerrada:2025-10-24
BBVA.MC	2025-10-27	2025-10-28T07:00:00+00:00	510300.SS:falta_anterior_cerrada:2025-10-24
RACE.MI	2025-10-24	2025-10-27T07:00:00+00:00	510300.SS:falta_ultima_cerrada:2025-10-24
RACE.MI	2025-10-27	2025-10-28T07:00:00+00:00	510300.SS:falta_anterior_cerrada:2025-10-24
ENI.MI	2025-10-24	2025-10-27T07:00:00+00:00	510300.SS:falta_ultima_cerrada:2025-10-24
ENI.MI	2025-10-27	2025-10-28T07:00:00+00:00	510300.SS:falta_anterior_cerrada:2025-10-24
RRU.DE	2025-10-24	2025-10-27T07:00:00+00:00	510300.SS:falta_ultima_cerrada:2025-10-24
RRU.DE	2025-10-27	2025-10-28T07:00:00+00:00	510300.SS:falta_anterior_cerrada:2025-10-24
BSP.DE	2025-10-24	2025-10-27T07:00:00+00:00	510300.SS:falta_ultima_cerrada:2025-10-24
BSP.DE	2025-10-27	2025-10-28T07:00:00+00:00	510300.SS:falta_anterior_cerrada:2025-10-24
AZN	2025-10-23	2025-10-24T07:30:00+00:00	510300.SS:falta_ultima_cerrada:2025-10-24
AZN	2025-10-24	2025-10-27T08:30:00+00:00	510300.SS:falta_anterior_cerrada:2025-10-24
AZN	2026-08-27	2026-08-28T07:30:00+00:00	510300.SS:falta_ultima_cerrada:2026-08-28
R6C0.DE	2025-10-24	2025-10-27T07:00:00+00:00	510300.SS:falta_ultima_cerrada:2025-10-24
R6C0.DE	2025-10-27	2025-10-28T07:00:00+00:00	510300.SS:falta_anterior_cerrada:2025-10-24
7203.T	2025-10-24	2025-10-24T20:00:00+00:00	510300.SS:falta_ultima_cerrada:2025-10-24
7203.T	2025-10-27	2025-10-27T21:00:00+00:00	510300.SS:falta_anterior_cerrada:2025-10-24
6758.T	2025-10-24	2025-10-24T20:00:00+00:00	510300.SS:falta_ultima_cerrada:2025-10-24
6758.T	2025-10-27	2025-10-27T21:00:00+00:00	510300.SS:falta_anterior_cerrada:2025-10-24
7011.T	2025-10-24	2025-10-24T20:00:00+00:00	510300.SS:falta_ultima_cerrada:2025-10-24
7011.T	2025-10-27	2025-10-27T21:00:00+00:00	510300.SS:falta_anterior_cerrada:2025-10-24
6501.T	2025-10-24	2025-10-24T20:00:00+00:00	510300.SS:falta_ultima_cerrada:2025-10-24
6501.T	2025-10-27	2025-10-27T21:00:00+00:00	510300.SS:falta_anterior_cerrada:2025-10-24
6857.T	2025-10-24	2025-10-24T20:00:00+00:00	510300.SS:falta_ultima_cerrada:2025-10-24
6857.T	2025-10-27	2025-10-27T21:00:00+00:00	510300.SS:falta_anterior_cerrada:2025-10-24
8035.T	2025-10-24	2025-10-24T20:00:00+00:00	510300.SS:falta_ultima_cerrada:2025-10-24
8035.T	2025-10-27	2025-10-27T21:00:00+00:00	510300.SS:falta_anterior_cerrada:2025-10-24
TSM	2025-10-23	2025-10-24T07:30:00+00:00	510300.SS:falta_ultima_cerrada:2025-10-24
TSM	2025-10-24	2025-10-27T08:30:00+00:00	510300.SS:falta_anterior_cerrada:2025-10-24
TSM	2026-08-27	2026-08-28T07:30:00+00:00	510300.SS:falta_ultima_cerrada:2026-08-28
0700.HK	2025-10-24	2025-10-24T20:00:00+00:00	510300.SS:falta_ultima_cerrada:2025-10-24
0700.HK	2025-10-27	2025-10-27T21:00:00+00:00	510300.SS:falta_anterior_cerrada:2025-10-24
9988.HK	2025-10-24	2025-10-24T20:00:00+00:00	510300.SS:falta_ultima_cerrada:2025-10-24
9988.HK	2025-10-27	2025-10-27T21:00:00+00:00	510300.SS:falta_anterior_cerrada:2025-10-24
1810.HK	2025-10-24	2025-10-24T20:00:00+00:00	510300.SS:falta_ultima_cerrada:2025-10-24
1810.HK	2025-10-27	2025-10-27T21:00:00+00:00	510300.SS:falta_anterior_cerrada:2025-10-24
INFY	2025-10-23	2025-10-24T07:30:00+00:00	510300.SS:falta_ultima_cerrada:2025-10-24
INFY	2025-10-24	2025-10-27T08:30:00+00:00	510300.SS:falta_anterior_cerrada:2025-10-24
INFY	2026-08-27	2026-08-28T07:30:00+00:00	510300.SS:falta_ultima_cerrada:2026-08-28
EUNL.DE	2025-10-23	2025-10-27T07:00:00+00:00	510300.SS:falta_ultima_cerrada:2025-10-24
EUNL.DE	2025-10-27	2025-10-28T07:00:00+00:00	510300.SS:falta_anterior_cerrada:2025-10-24
SXR8.DE	2025-10-23	2025-10-27T07:00:00+00:00	510300.SS:falta_ultima_cerrada:2025-10-24
SXR8.DE	2025-10-27	2025-10-28T07:00:00+00:00	510300.SS:falta_anterior_cerrada:2025-10-24
EQQQ.DE	2025-10-23	2025-10-27T07:00:00+00:00	510300.SS:falta_ultima_cerrada:2025-10-24
EQQQ.DE	2025-10-27	2025-10-28T07:00:00+00:00	510300.SS:falta_anterior_cerrada:2025-10-24
EXSA.DE	2025-10-23	2025-10-27T07:00:00+00:00	510300.SS:falta_ultima_cerrada:2025-10-24
EXSA.DE	2025-10-27	2025-10-28T07:00:00+00:00	510300.SS:falta_anterior_cerrada:2025-10-24
IS3N.DE	2025-10-23	2025-10-27T07:00:00+00:00	510300.SS:falta_ultima_cerrada:2025-10-24
IS3N.DE	2025-10-27	2025-10-28T07:00:00+00:00	510300.SS:falta_anterior_cerrada:2025-10-24
EUNN.DE	2025-10-23	2025-10-27T07:00:00+00:00	510300.SS:falta_ultima_cerrada:2025-10-24
EUNN.DE	2025-10-27	2025-10-28T07:00:00+00:00	510300.SS:falta_anterior_cerrada:2025-10-24
ICGA.DE	2025-10-23	2025-10-27T07:00:00+00:00	510300.SS:falta_ultima_cerrada:2025-10-24
ICGA.DE	2025-10-27	2025-10-28T07:00:00+00:00	510300.SS:falta_anterior_cerrada:2025-10-24
QDV5.DE	2025-10-23	2025-10-27T07:00:00+00:00	510300.SS:falta_ultima_cerrada:2025-10-24
QDV5.DE	2025-10-27	2025-10-28T07:00:00+00:00	510300.SS:falta_anterior_cerrada:2025-10-24
IQQT.DE	2025-10-23	2025-10-27T07:00:00+00:00	510300.SS:falta_ultima_cerrada:2025-10-24
IQQT.DE	2025-10-27	2025-10-28T07:00:00+00:00	510300.SS:falta_anterior_cerrada:2025-10-24
IQQK.DE	2025-10-23	2025-10-27T07:00:00+00:00	510300.SS:falta_ultima_cerrada:2025-10-24
IQQK.DE	2025-10-27	2025-10-28T07:00:00+00:00	510300.SS:falta_anterior_cerrada:2025-10-24
VVSM.DE	2025-10-23	2025-10-27T07:00:00+00:00	510300.SS:falta_ultima_cerrada:2025-10-24
VVSM.DE	2025-10-27	2025-10-28T07:00:00+00:00	510300.SS:falta_anterior_cerrada:2025-10-24
EUNH.DE	2025-10-24	2025-10-27T07:00:00+00:00	510300.SS:falta_ultima_cerrada:2025-10-24
EUNH.DE	2025-10-27	2025-10-28T07:00:00+00:00	510300.SS:falta_anterior_cerrada:2025-10-24
ZPRR.DE	2025-10-23	2025-10-27T07:00:00+00:00	510300.SS:falta_ultima_cerrada:2025-10-24
ZPRR.DE	2025-10-27	2025-10-28T07:00:00+00:00	510300.SS:falta_anterior_cerrada:2025-10-24
EXV1.DE	2025-10-23	2025-10-27T07:00:00+00:00	510300.SS:falta_ultima_cerrada:2025-10-24
EXV1.DE	2025-10-27	2025-10-28T07:00:00+00:00	510300.SS:falta_anterior_cerrada:2025-10-24
EXH1.DE	2025-10-23	2025-10-27T07:00:00+00:00	510300.SS:falta_ultima_cerrada:2025-10-24
EXH1.DE	2025-10-27	2025-10-28T07:00:00+00:00	510300.SS:falta_anterior_cerrada:2025-10-24
