activo	sesion_senal	analysis_timestamp_utc	sesion_exigible	sesion_usada	dias
AAPL	2022-12-30	2023-01-03T08:30:00+00:00	2023-01-02	2022-12-30	3
AAPL	2023-05-18	2023-05-19T07:30:00+00:00	2023-05-18	2023-05-17	1
AAPL	2023-05-26	2023-05-30T07:30:00+00:00	2023-05-29	2023-05-26	3
AAPL	2023-08-01	2023-08-02T07:30:00+00:00	2023-08-01	2023-07-31	1
AAPL	2024-01-02	2024-01-03T08:30:00+00:00	2024-01-02	2023-12-29	4
AAPL	2024-05-09	2024-05-10T07:30:00+00:00	2024-05-09	2024-05-08	1
AAPL	2024-05-20	2024-05-21T07:30:00+00:00	2024-05-20	2024-05-17	3
AAPL	2024-08-01	2024-08-02T07:30:00+00:00	2024-08-01	2024-07-31	1
AAPL	2025-01-02	2025-01-03T08:30:00+00:00	2025-01-02	2024-12-30	3
AAPL	2025-05-29	2025-05-30T07:30:00+00:00	2025-05-29	2025-05-28	1
AAPL	2025-06-09	2025-06-10T07:30:00+00:00	2025-06-09	2025-06-06	3
AAPL	2025-08-01	2025-08-04T07:30:00+00:00	2025-08-01	2025-07-31	1
AAPL	2026-01-02	2026-01-05T08:30:00+00:00	2026-01-02	2025-12-30	3
AAPL	2026-05-14	2026-05-15T07:30:00+00:00	2026-05-14	2026-05-13	1
AAPL	2026-05-22	2026-05-26T07:30:00+00:00	2026-05-25	2026-05-22	3
MSFT	2022-12-30	2023-01-03T08:30:00+00:00	2023-01-02	2022-12-30	3
MSFT	2023-05-18	2023-05-19T07:30:00+00:00	2023-05-18	2023-05-17	1
MSFT	2023-05-26	2023-05-30T07:30:00+00:00	2023-05-29	2023-05-26	3
MSFT	2023-08-01	2023-08-02T07:30:00+00:00	2023-08-01	2023-07-31	1
MSFT	2024-01-02	2024-01-03T08:30:00+00:00	2024-01-02	2023-12-29	4
MSFT	2024-05-09	2024-05-10T07:30:00+00:00	2024-05-09	2024-05-08	1
MSFT	2024-05-20	2024-05-21T07:30:00+00:00	2024-05-20	2024-05-17	3
MSFT	2024-08-01	2024-08-02T07:30:00+00:00	2024-08-01	2024-07-31	1
MSFT	2025-01-02	2025-01-03T08:30:00+00:00	2025-01-02	2024-12-30	3
MSFT	2025-05-29	2025-05-30T07:30:00+00:00	2025-05-29	2025-05-28	1
MSFT	2025-06-09	2025-06-10T07:30:00+00:00	2025-06-09	2025-06-06	3
MSFT	2025-08-01	2025-08-04T07:30:00+00:00	2025-08-01	2025-07-31	1
MSFT	2026-01-02	2026-01-05T08:30:00+00:00	2026-01-02	2025-12-30	3
MSFT	2026-05-14	2026-05-15T07:30:00+00:00	2026-05-14	2026-05-13	1
MSFT	2026-05-22	2026-05-26T07:30:00+00:00	2026-05-25	2026-05-22	3
GOOGL	2022-12-30	2023-01-03T08:30:00+00:00	2023-01-02	2022-12-30	3
GOOGL	2023-05-18	2023-05-19T07:30:00+00:00	2023-05-18	2023-05-17	1
GOOGL	2023-05-26	2023-05-30T07:30:00+00:00	2023-05-29	2023-05-26	3
GOOGL	2023-08-01	2023-08-02T07:30:00+00:00	2023-08-01	2023-07-31	1
GOOGL	2024-01-02	2024-01-03T08:30:00+00:00	2024-01-02	2023-12-29	4
GOOGL	2024-05-09	2024-05-10T07:30:00+00:00	2024-05-09	2024-05-08	1
GOOGL	2024-05-20	2024-05-21T07:30:00+00:00	2024-05-20	2024-05-17	3
GOOGL	2024-08-01	2024-08-02T07:30:00+00:00	2024-08-01	2024-07-31	1
GOOGL	2025-01-02	2025-01-03T08:30:00+00:00	2025-01-02	2024-12-30	3
GOOGL	2025-05-29	2025-05-30T07:30:00+00:00	2025-05-29	2025-05-28	1
GOOGL	2025-06-09	2025-06-10T07:30:00+00:00	2025-06-09	2025-06-06	3
GOOGL	2025-08-01	2025-08-04T07:30:00+00:00	2025-08-01	2025-07-31	1
GOOGL	2026-01-02	2026-01-05T08:30:00+00:00	2026-01-02	2025-12-30	3
GOOGL	2026-05-14	2026-05-15T07:30:00+00:00	2026-05-14	2026-05-13	1
GOOGL	2026-05-22	2026-05-26T07:30:00+00:00	2026-05-25	2026-05-22	3
AMZN	2022-12-30	2023-01-03T08:30:00+00:00	2023-01-02	2022-12-30	3
AMZN	2023-05-18	2023-05-19T07:30:00+00:00	2023-05-18	2023-05-17	1
AMZN	2023-05-26	2023-05-30T07:30:00+00:00	2023-05-29	2023-05-26	3
AMZN	2023-08-01	2023-08-02T07:30:00+00:00	2023-08-01	2023-07-31	1
AMZN	2024-01-02	2024-01-03T08:30:00+00:00	2024-01-02	2023-12-29	4
AMZN	2024-05-09	2024-05-10T07:30:00+00:00	2024-05-09	2024-05-08	1
AMZN	2024-05-20	2024-05-21T07:30:00+00:00	2024-05-20	2024-05-17	3
AMZN	2024-08-01	2024-08-02T07:30:00+00:00	2024-08-01	2024-07-31	1
AMZN	2025-01-02	2025-01-03T08:30:00+00:00	2025-01-02	2024-12-30	3
AMZN	2025-05-29	2025-05-30T07:30:00+00:00	2025-05-29	2025-05-28	1
AMZN	2025-06-09	2025-06-10T07:30:00+00:00	2025-06-09	2025-06-06	3
AMZN	2025-08-01	2025-08-04T07:30:00+00:00	2025-08-01	2025-07-31	1
AMZN	2026-01-02	2026-01-05T08:30:00+00:00	2026-01-02	2025-12-30	3
AMZN	2026-05-14	2026-05-15T07:30:00+00:00	2026-05-14	2026-05-13	1
AMZN	2026-05-22	2026-05-26T07:30:00+00:00	2026-05-25	2026-05-22	3
META	2022-12-30	2023-01-03T08:30:00+00:00	2023-01-02	2022-12-30	3
META	2023-05-18	2023-05-19T07:30:00+00:00	2023-05-18	2023-05-17	1
META	2023-05-26	2023-05-30T07:30:00+00:00	2023-05-29	2023-05-26	3
META	2023-08-01	2023-08-02T07:30:00+00:00	2023-08-01	2023-07-31	1
META	2024-01-02	2024-01-03T08:30:00+00:00	2024-01-02	2023-12-29	4
META	2024-05-09	2024-05-10T07:30:00+00:00	2024-05-09	2024-05-08	1
META	2024-05-20	2024-05-21T07:30:00+00:00	2024-05-20	2024-05-17	3
META	2024-08-01	2024-08-02T07:30:00+00:00	2024-08-01	2024-07-31	1
META	2025-01-02	2025-01-03T08:30:00+00:00	2025-01-02	2024-12-30	3
META	2025-05-29	2025-05-30T07:30:00+00:00	2025-05-29	2025-05-28	1
META	2025-06-09	2025-06-10T07:30:00+00:00	2025-06-09	2025-06-06	3
META	2025-08-01	2025-08-04T07:30:00+00:00	2025-08-01	2025-07-31	1
META	2026-01-02	2026-01-05T08:30:00+00:00	2026-01-02	2025-12-30	3
META	2026-05-14	2026-05-15T07:30:00+00:00	2026-05-14	2026-05-13	1
META	2026-05-22	2026-05-26T07:30:00+00:00	2026-05-25	2026-05-22	3
TSLA	2022-12-30	2023-01-03T08:30:00+00:00	2023-01-02	2022-12-30	3
TSLA	2023-05-18	2023-05-19T07:30:00+00:00	2023-05-18	2023-05-17	1
TSLA	2023-05-26	2023-05-30T07:30:00+00:00	2023-05-29	2023-05-26	3
TSLA	2023-08-01	2023-08-02T07:30:00+00:00	2023-08-01	2023-07-31	1
TSLA	2024-01-02	2024-01-03T08:30:00+00:00	2024-01-02	2023-12-29	4
TSLA	2024-05-09	2024-05-10T07:30:00+00:00	2024-05-09	2024-05-08	1
TSLA	2024-05-20	2024-05-21T07:30:00+00:00	2024-05-20	2024-05-17	3
TSLA	2024-08-01	2024-08-02T07:30:00+00:00	2024-08-01	2024-07-31	1
TSLA	2025-01-02	2025-01-03T08:30:00+00:00	2025-01-02	2024-12-30	3
TSLA	2025-05-29	2025-05-30T07:30:00+00:00	2025-05-29	2025-05-28	1
TSLA	2025-06-09	2025-06-10T07:30:00+00:00	2025-06-09	2025-06-06	3
TSLA	2025-08-01	2025-08-04T07:30:00+00:00	2025-08-01	2025-07-31	1
TSLA	2026-01-02	2026-01-05T08:30:00+00:00	2026-01-02	2025-12-30	3
TSLA	2026-05-14	2026-05-15T07:30:00+00:00	2026-05-14	2026-05-13	1
TSLA	2026-05-22	2026-05-26T07:30:00+00:00	2026-05-25	2026-05-22	3
ORCL	2022-12-30	2023-01-03T08:30:00+00:00	2023-01-02	2022-12-30	3
ORCL	2023-05-18	2023-05-19T07:30:00+00:00	2023-05-18	2023-05-17	1
ORCL	2023-05-26	2023-05-30T07:30:00+00:00	2023-05-29	2023-05-26	3
ORCL	2023-08-01	2023-08-02T07:30:00+00:00	2023-08-01	2023-07-31	1
ORCL	2024-01-02	2024-01-03T08:30:00+00:00	2024-01-02	2023-12-29	4
ORCL	2024-05-09	2024-05-10T07:30:00+00:00	2024-05-09	2024-05-08	1
ORCL	2024-05-20	2024-05-21T07:30:00+00:00	2024-05-20	2024-05-17	3
ORCL	2024-08-01	2024-08-02T07:30:00+00:00	2024-08-01	2024-07-31	1
ORCL	2025-01-02	2025-01-03T08:30:00+00:00	2025-01-02	2024-12-30	3
ORCL	2025-05-29	2025-05-30T07:30:00+00:00	2025-05-29	2025-05-28	1
ORCL	2025-06-09	2025-06-10T07:30:00+00:00	2025-06-09	2025-06-06	3
ORCL	2025-08-01	2025-08-04T07:30:00+00:00	2025-08-01	2025-07-31	1
ORCL	2026-01-02	2026-01-05T08:30:00+00:00	2026-01-02	2025-12-30	3
ORCL	2026-05-14	2026-05-15T07:30:00+00:00	2026-05-14	2026-05-13	1
ORCL	2026-05-22	2026-05-26T07:30:00+00:00	2026-05-25	2026-05-22	3
CRM	2022-12-30	2023-01-03T08:30:00+00:00	2023-01-02	2022-12-30	3
CRM	2023-05-18	2023-05-19T07:30:00+00:00	2023-05-18	2023-05-17	1
CRM	2023-05-26	2023-05-30T07:30:00+00:00	2023-05-29	2023-05-26	3
CRM	2023-08-01	2023-08-02T07:30:00+00:00	2023-08-01	2023-07-31	1
CRM	2024-01-02	2024-01-03T08:30:00+00:00	2024-01-02	2023-12-29	4
CRM	2024-05-09	2024-05-10T07:30:00+00:00	2024-05-09	2024-05-08	1
CRM	2024-05-20	2024-05-21T07:30:00+00:00	2024-05-20	2024-05-17	3
CRM	2024-08-01	2024-08-02T07:30:00+00:00	2024-08-01	2024-07-31	1
CRM	2025-01-02	2025-01-03T08:30:00+00:00	2025-01-02	2024-12-30	3
CRM	2025-05-29	2025-05-30T07:30:00+00:00	2025-05-29	2025-05-28	1
CRM	2025-06-09	2025-06-10T07:30:00+00:00	2025-06-09	2025-06-06	3
CRM	2025-08-01	2025-08-04T07:30:00+00:00	2025-08-01	2025-07-31	1
CRM	2026-01-02	2026-01-05T08:30:00+00:00	2026-01-02	2025-12-30	3
CRM	2026-05-14	2026-05-15T07:30:00+00:00	2026-05-14	2026-05-13	1
CRM	2026-05-22	2026-05-26T07:30:00+00:00	2026-05-25	2026-05-22	3
NOW	2022-12-30	2023-01-03T08:30:00+00:00	2023-01-02	2022-12-30	3
NOW	2023-05-18	2023-05-19T07:30:00+00:00	2023-05-18	2023-05-17	1
NOW	2023-05-26	2023-05-30T07:30:00+00:00	2023-05-29	2023-05-26	3
NOW	2023-08-01	2023-08-02T07:30:00+00:00	2023-08-01	2023-07-31	1
NOW	2024-01-02	2024-01-03T08:30:00+00:00	2024-01-02	2023-12-29	4
NOW	2024-05-09	2024-05-10T07:30:00+00:00	2024-05-09	2024-05-08	1
NOW	2024-05-20	2024-05-21T07:30:00+00:00	2024-05-20	2024-05-17	3
NOW	2024-08-01	2024-08-02T07:30:00+00:00	2024-08-01	2024-07-31	1
NOW	2025-01-02	2025-01-03T08:30:00+00:00	2025-01-02	2024-12-30	3
NOW	2025-05-29	2025-05-30T07:30:00+00:00	2025-05-29	2025-05-28	1
NOW	2025-06-09	2025-06-10T07:30:00+00:00	2025-06-09	2025-06-06	3
NOW	2025-08-01	2025-08-04T07:30:00+00:00	2025-08-01	2025-07-31	1
NOW	2026-01-02	2026-01-05T08:30:00+00:00	2026-01-02	2025-12-30	3
NOW	2026-05-14	2026-05-15T07:30:00+00:00	2026-05-14	2026-05-13	1
NOW	2026-05-22	2026-05-26T07:30:00+00:00	2026-05-25	2026-05-22	3
ADBE	2022-12-30	2023-01-03T08:30:00+00:00	2023-01-02	2022-12-30	3
ADBE	2023-05-18	2023-05-19T07:30:00+00:00	2023-05-18	2023-05-17	1
ADBE	2023-05-26	2023-05-30T07:30:00+00:00	2023-05-29	2023-05-26	3
ADBE	2023-08-01	2023-08-02T07:30:00+00:00	2023-08-01	2023-07-31	1
ADBE	2024-01-02	2024-01-03T08:30:00+00:00	2024-01-02	2023-12-29	4
ADBE	2024-05-09	2024-05-10T07:30:00+00:00	2024-05-09	2024-05-08	1
ADBE	2024-05-20	2024-05-21T07:30:00+00:00	2024-05-20	2024-05-17	3
ADBE	2024-08-01	2024-08-02T07:30:00+00:00	2024-08-01	2024-07-31	1
ADBE	2025-01-02	2025-01-03T08:30:00+00:00	2025-01-02	2024-12-30	3
ADBE	2025-05-29	2025-05-30T07:30:00+00:00	2025-05-29	2025-05-28	1
ADBE	2025-06-09	2025-06-10T07:30:00+00:00	2025-06-09	2025-06-06	3
ADBE	2025-08-01	2025-08-04T07:30:00+00:00	2025-08-01	2025-07-31	1
ADBE	2026-01-02	2026-01-05T08:30:00+00:00	2026-01-02	2025-12-30	3
ADBE	2026-05-14	2026-05-15T07:30:00+00:00	2026-05-14	2026-05-13	1
ADBE	2026-05-22	2026-05-26T07:30:00+00:00	2026-05-25	2026-05-22	3
NFLX	2022-12-30	2023-01-03T08:30:00+00:00	2023-01-02	2022-12-30	3
NFLX	2023-05-18	2023-05-19T07:30:00+00:00	2023-05-18	2023-05-17	1
NFLX	2023-05-26	2023-05-30T07:30:00+00:00	2023-05-29	2023-05-26	3
NFLX	2023-08-01	2023-08-02T07:30:00+00:00	2023-08-01	2023-07-31	1
NFLX	2024-01-02	2024-01-03T08:30:00+00:00	2024-01-02	2023-12-29	4
NFLX	2024-05-09	2024-05-10T07:30:00+00:00	2024-05-09	2024-05-08	1
NFLX	2024-05-20	2024-05-21T07:30:00+00:00	2024-05-20	2024-05-17	3
NFLX	2024-08-01	2024-08-02T07:30:00+00:00	2024-08-01	2024-07-31	1
NFLX	2025-01-02	2025-01-03T08:30:00+00:00	2025-01-02	2024-12-30	3
NFLX	2025-05-29	2025-05-30T07:30:00+00:00	2025-05-29	2025-05-28	1
NFLX	2025-06-09	2025-06-10T07:30:00+00:00	2025-06-09	2025-06-06	3
NFLX	2025-08-01	2025-08-04T07:30:00+00:00	2025-08-01	2025-07-31	1
NFLX	2026-01-02	2026-01-05T08:30:00+00:00	2026-01-02	2025-12-30	3
NFLX	2026-05-14	2026-05-15T07:30:00+00:00	2026-05-14	2026-05-13	1
NFLX	2026-05-22	2026-05-26T07:30:00+00:00	2026-05-25	2026-05-22	3
NVDA	2022-12-30	2023-01-03T08:30:00+00:00	2023-01-02	2022-12-30	3
NVDA	2023-05-18	2023-05-19T07:30:00+00:00	2023-05-18	2023-05-17	1
NVDA	2023-05-26	2023-05-30T07:30:00+00:00	2023-05-29	2023-05-26	3
NVDA	2023-08-01	2023-08-02T07:30:00+00:00	2023-08-01	2023-07-31	1
NVDA	2024-01-02	2024-01-03T08:30:00+00:00	2024-01-02	2023-12-29	4
NVDA	2024-05-09	2024-05-10T07:30:00+00:00	2024-05-09	2024-05-08	1
NVDA	2024-05-20	2024-05-21T07:30:00+00:00	2024-05-20	2024-05-17	3
NVDA	2024-08-01	2024-08-02T07:30:00+00:00	2024-08-01	2024-07-31	1
NVDA	2025-01-02	2025-01-03T08:30:00+00:00	2025-01-02	2024-12-30	3
NVDA	2025-05-29	2025-05-30T07:30:00+00:00	2025-05-29	2025-05-28	1
NVDA	2025-06-09	2025-06-10T07:30:00+00:00	2025-06-09	2025-06-06	3
NVDA	2025-08-01	2025-08-04T07:30:00+00:00	2025-08-01	2025-07-31	1
NVDA	2026-01-02	2026-01-05T08:30:00+00:00	2026-01-02	2025-12-30	3
NVDA	2026-05-14	2026-05-15T07:30:00+00:00	2026-05-14	2026-05-13	1
NVDA	2026-05-22	2026-05-26T07:30:00+00:00	2026-05-25	2026-05-22	3
AVGO	2022-12-30	2023-01-03T08:30:00+00:00	2023-01-02	2022-12-30	3
AVGO	2023-05-18	2023-05-19T07:30:00+00:00	2023-05-18	2023-05-17	1
AVGO	2023-05-26	2023-05-30T07:30:00+00:00	2023-05-29	2023-05-26	3
AVGO	2023-08-01	2023-08-02T07:30:00+00:00	2023-08-01	2023-07-31	1
AVGO	2024-01-02	2024-01-03T08:30:00+00:00	2024-01-02	2023-12-29	4
AVGO	2024-05-09	2024-05-10T07:30:00+00:00	2024-05-09	2024-05-08	1
AVGO	2024-05-20	2024-05-21T07:30:00+00:00	2024-05-20	2024-05-17	3
AVGO	2024-08-01	2024-08-02T07:30:00+00:00	2024-08-01	2024-07-31	1
AVGO	2025-01-02	2025-01-03T08:30:00+00:00	2025-01-02	2024-12-30	3
AVGO	2025-05-29	2025-05-30T07:30:00+00:00	2025-05-29	2025-05-28	1
AVGO	2025-06-09	2025-06-10T07:30:00+00:00	2025-06-09	2025-06-06	3
AVGO	2025-08-01	2025-08-04T07:30:00+00:00	2025-08-01	2025-07-31	1
AVGO	2026-01-02	2026-01-05T08:30:00+00:00	2026-01-02	2025-12-30	3
AVGO	2026-05-14	2026-05-15T07:30:00+00:00	2026-05-14	2026-05-13	1
AVGO	2026-05-22	2026-05-26T07:30:00+00:00	2026-05-25	2026-05-22	3
AMD	2022-12-30	2023-01-03T08:30:00+00:00	2023-01-02	2022-12-30	3
AMD	2023-05-18	2023-05-19T07:30:00+00:00	2023-05-18	2023-05-17	1
AMD	2023-05-26	2023-05-30T07:30:00+00:00	2023-05-29	2023-05-26	3
AMD	2023-08-01	2023-08-02T07:30:00+00:00	2023-08-01	2023-07-31	1
AMD	2024-01-02	2024-01-03T08:30:00+00:00	2024-01-02	2023-12-29	4
AMD	2024-05-09	2024-05-10T07:30:00+00:00	2024-05-09	2024-05-08	1
AMD	2024-05-20	2024-05-21T07:30:00+00:00	2024-05-20	2024-05-17	3
AMD	2024-08-01	2024-08-02T07:30:00+00:00	2024-08-01	2024-07-31	1
AMD	2025-01-02	2025-01-03T08:30:00+00:00	2025-01-02	2024-12-30	3
AMD	2025-05-29	2025-05-30T07:30:00+00:00	2025-05-29	2025-05-28	1
AMD	2025-06-09	2025-06-10T07:30:00+00:00	2025-06-09	2025-06-06	3
AMD	2025-08-01	2025-08-04T07:30:00+00:00	2025-08-01	2025-07-31	1
AMD	2026-01-02	2026-01-05T08:30:00+00:00	2026-01-02	2025-12-30	3
AMD	2026-05-14	2026-05-15T07:30:00+00:00	2026-05-14	2026-05-13	1
AMD	2026-05-22	2026-05-26T07:30:00+00:00	2026-05-25	2026-05-22	3
MU	2022-12-30	2023-01-03T08:30:00+00:00	2023-01-02	2022-12-30	3
MU	2023-05-18	2023-05-19T07:30:00+00:00	2023-05-18	2023-05-17	1
MU	2023-05-26	2023-05-30T07:30:00+00:00	2023-05-29	2023-05-26	3
MU	2023-08-01	2023-08-02T07:30:00+00:00	2023-08-01	2023-07-31	1
MU	2024-01-02	2024-01-03T08:30:00+00:00	2024-01-02	2023-12-29	4
MU	2024-05-09	2024-05-10T07:30:00+00:00	2024-05-09	2024-05-08	1
MU	2024-05-20	2024-05-21T07:30:00+00:00	2024-05-20	2024-05-17	3
MU	2024-08-01	2024-08-02T07:30:00+00:00	2024-08-01	2024-07-31	1
MU	2025-01-02	2025-01-03T08:30:00+00:00	2025-01-02	2024-12-30	3
MU	2025-05-29	2025-05-30T07:30:00+00:00	2025-05-29	2025-05-28	1
MU	2025-06-09	2025-06-10T07:30:00+00:00	2025-06-09	2025-06-06	3
MU	2025-08-01	2025-08-04T07:30:00+00:00	2025-08-01	2025-07-31	1
MU	2026-01-02	2026-01-05T08:30:00+00:00	2026-01-02	2025-12-30	3
MU	2026-05-14	2026-05-15T07:30:00+00:00	2026-05-14	2026-05-13	1
MU	2026-05-22	2026-05-26T07:30:00+00:00	2026-05-25	2026-05-22	3
QCOM	2022-12-30	2023-01-03T08:30:00+00:00	2023-01-02	2022-12-30	3
QCOM	2023-05-18	2023-05-19T07:30:00+00:00	2023-05-18	2023-05-17	1
QCOM	2023-05-26	2023-05-30T07:30:00+00:00	2023-05-29	2023-05-26	3
QCOM	2023-08-01	2023-08-02T07:30:00+00:00	2023-08-01	2023-07-31	1
QCOM	2024-01-02	2024-01-03T08:30:00+00:00	2024-01-02	2023-12-29	4
QCOM	2024-05-09	2024-05-10T07:30:00+00:00	2024-05-09	2024-05-08	1
QCOM	2024-05-20	2024-05-21T07:30:00+00:00	2024-05-20	2024-05-17	3
QCOM	2024-08-01	2024-08-02T07:30:00+00:00	2024-08-01	2024-07-31	1
QCOM	2025-01-02	2025-01-03T08:30:00+00:00	2025-01-02	2024-12-30	3
QCOM	2025-05-29	2025-05-30T07:30:00+00:00	2025-05-29	2025-05-28	1
QCOM	2025-06-09	2025-06-10T07:30:00+00:00	2025-06-09	2025-06-06	3
QCOM	2025-08-01	2025-08-04T07:30:00+00:00	2025-08-01	2025-07-31	1
QCOM	2026-01-02	2026-01-05T08:30:00+00:00	2026-01-02	2025-12-30	3
QCOM	2026-05-14	2026-05-15T07:30:00+00:00	2026-05-14	2026-05-13	1
QCOM	2026-05-22	2026-05-26T07:30:00+00:00	2026-05-25	2026-05-22	3
MRVL	2022-12-30	2023-01-03T08:30:00+00:00	2023-01-02	2022-12-30	3
MRVL	2023-05-18	2023-05-19T07:30:00+00:00	2023-05-18	2023-05-17	1
MRVL	2023-05-26	2023-05-30T07:30:00+00:00	2023-05-29	2023-05-26	3
MRVL	2023-08-01	2023-08-02T07:30:00+00:00	2023-08-01	2023-07-31	1
MRVL	2024-01-02	2024-01-03T08:30:00+00:00	2024-01-02	2023-12-29	4
MRVL	2024-05-09	2024-05-10T07:30:00+00:00	2024-05-09	2024-05-08	1
MRVL	2024-05-20	2024-05-21T07:30:00+00:00	2024-05-20	2024-05-17	3
MRVL	2024-08-01	2024-08-02T07:30:00+00:00	2024-08-01	2024-07-31	1
MRVL	2025-01-02	2025-01-03T08:30:00+00:00	2025-01-02	2024-12-30	3
MRVL	2025-05-29	2025-05-30T07:30:00+00:00	2025-05-29	2025-05-28	1
MRVL	2025-06-09	2025-06-10T07:30:00+00:00	2025-06-09	2025-06-06	3
MRVL	2025-08-01	2025-08-04T07:30:00+00:00	2025-08-01	2025-07-31	1
MRVL	2026-01-02	2026-01-05T08:30:00+00:00	2026-01-02	2025-12-30	3
MRVL	2026-05-14	2026-05-15T07:30:00+00:00	2026-05-14	2026-05-13	1
MRVL	2026-05-22	2026-05-26T07:30:00+00:00	2026-05-25	2026-05-22	3
INTC	2022-12-30	2023-01-03T08:30:00+00:00	2023-01-02	2022-12-30	3
INTC	2023-05-18	2023-05-19T07:30:00+00:00	2023-05-18	2023-05-17	1
INTC	2023-05-26	2023-05-30T07:30:00+00:00	2023-05-29	2023-05-26	3
INTC	2023-08-01	2023-08-02T07:30:00+00:00	2023-08-01	2023-07-31	1
INTC	2024-01-02	2024-01-03T08:30:00+00:00	2024-01-02	2023-12-29	4
INTC	2024-05-09	2024-05-10T07:30:00+00:00	2024-05-09	2024-05-08	1
INTC	2024-05-20	2024-05-21T07:30:00+00:00	2024-05-20	2024-05-17	3
INTC	2024-08-01	2024-08-02T07:30:00+00:00	2024-08-01	2024-07-31	1
INTC	2025-01-02	2025-01-03T08:30:00+00:00	2025-01-02	2024-12-30	3
INTC	2025-05-29	2025-05-30T07:30:00+00:00	2025-05-29	2025-05-28	1
INTC	2025-06-09	2025-06-10T07:30:00+00:00	2025-06-09	2025-06-06	3
INTC	2025-08-01	2025-08-04T07:30:00+00:00	2025-08-01	2025-07-31	1
INTC	2026-01-02	2026-01-05T08:30:00+00:00	2026-01-02	2025-12-30	3
INTC	2026-05-14	2026-05-15T07:30:00+00:00	2026-05-14	2026-05-13	1
INTC	2026-05-22	2026-05-26T07:30:00+00:00	2026-05-25	2026-05-22	3
AMAT	2022-12-30	2023-01-03T08:30:00+00:00	2023-01-02	2022-12-30	3
AMAT	2023-05-18	2023-05-19T07:30:00+00:00	2023-05-18	2023-05-17	1
AMAT	2023-05-26	2023-05-30T07:30:00+00:00	2023-05-29	2023-05-26	3
AMAT	2023-08-01	2023-08-02T07:30:00+00:00	2023-08-01	2023-07-31	1
AMAT	2024-01-02	2024-01-03T08:30:00+00:00	2024-01-02	2023-12-29	4
AMAT	2024-05-09	2024-05-10T07:30:00+00:00	2024-05-09	2024-05-08	1
AMAT	2024-05-20	2024-05-21T07:30:00+00:00	2024-05-20	2024-05-17	3
AMAT	2024-08-01	2024-08-02T07:30:00+00:00	2024-08-01	2024-07-31	1
AMAT	2025-01-02	2025-01-03T08:30:00+00:00	2025-01-02	2024-12-30	3
AMAT	2025-05-29	2025-05-30T07:30:00+00:00	2025-05-29	2025-05-28	1
AMAT	2025-06-09	2025-06-10T07:30:00+00:00	2025-06-09	2025-06-06	3
AMAT	2025-08-01	2025-08-04T07:30:00+00:00	2025-08-01	2025-07-31	1
AMAT	2026-01-02	2026-01-05T08:30:00+00:00	2026-01-02	2025-12-30	3
AMAT	2026-05-14	2026-05-15T07:30:00+00:00	2026-05-14	2026-05-13	1
AMAT	2026-05-22	2026-05-26T07:30:00+00:00	2026-05-25	2026-05-22	3
ARM	2025-01-02	2025-01-03T08:30:00+00:00	2025-01-02	2024-12-30	3
ARM	2025-05-29	2025-05-30T07:30:00+00:00	2025-05-29	2025-05-28	1
ARM	2025-06-09	2025-06-10T07:30:00+00:00	2025-06-09	2025-06-06	3
ARM	2025-08-01	2025-08-04T07:30:00+00:00	2025-08-01	2025-07-31	1
ARM	2026-01-02	2026-01-05T08:30:00+00:00	2026-01-02	2025-12-30	3
ARM	2026-05-14	2026-05-15T07:30:00+00:00	2026-05-14	2026-05-13	1
ARM	2026-05-22	2026-05-26T07:30:00+00:00	2026-05-25	2026-05-22	3
PLTR	2022-12-30	2023-01-03T08:30:00+00:00	2023-01-02	2022-12-30	3
PLTR	2023-05-18	2023-05-19T07:30:00+00:00	2023-05-18	2023-05-17	1
PLTR	2023-05-26	2023-05-30T07:30:00+00:00	2023-05-29	2023-05-26	3
PLTR	2023-08-01	2023-08-02T07:30:00+00:00	2023-08-01	2023-07-31	1
PLTR	2024-01-02	2024-01-03T08:30:00+00:00	2024-01-02	2023-12-29	4
PLTR	2024-05-09	2024-05-10T07:30:00+00:00	2024-05-09	2024-05-08	1
PLTR	2024-05-20	2024-05-21T07:30:00+00:00	2024-05-20	2024-05-17	3
PLTR	2024-08-01	2024-08-02T07:30:00+00:00	2024-08-01	2024-07-31	1
PLTR	2025-01-02	2025-01-03T08:30:00+00:00	2025-01-02	2024-12-30	3
PLTR	2025-05-29	2025-05-30T07:30:00+00:00	2025-05-29	2025-05-28	1
PLTR	2025-06-09	2025-06-10T07:30:00+00:00	2025-06-09	2025-06-06	3
PLTR	2025-08-01	2025-08-04T07:30:00+00:00	2025-08-01	2025-07-31	1
PLTR	2026-01-02	2026-01-05T08:30:00+00:00	2026-01-02	2025-12-30	3
PLTR	2026-05-14	2026-05-15T07:30:00+00:00	2026-05-14	2026-05-13	1
PLTR	2026-05-22	2026-05-26T07:30:00+00:00	2026-05-25	2026-05-22	3
PANW	2022-12-30	2023-01-03T08:30:00+00:00	2023-01-02	2022-12-30	3
PANW	2023-05-18	2023-05-19T07:30:00+00:00	2023-05-18	2023-05-17	1
PANW	2023-05-26	2023-05-30T07:30:00+00:00	2023-05-29	2023-05-26	3
PANW	2023-08-01	2023-08-02T07:30:00+00:00	2023-08-01	2023-07-31	1
PANW	2024-01-02	2024-01-03T08:30:00+00:00	2024-01-02	2023-12-29	4
PANW	2024-05-09	2024-05-10T07:30:00+00:00	2024-05-09	2024-05-08	1
PANW	2024-05-20	2024-05-21T07:30:00+00:00	2024-05-20	2024-05-17	3
PANW	2024-08-01	2024-08-02T07:30:00+00:00	2024-08-01	2024-07-31	1
PANW	2025-01-02	2025-01-03T08:30:00+00:00	2025-01-02	2024-12-30	3
PANW	2025-05-29	2025-05-30T07:30:00+00:00	2025-05-29	2025-05-28	1
PANW	2025-06-09	2025-06-10T07:30:00+00:00	2025-06-09	2025-06-06	3
PANW	2025-08-01	2025-08-04T07:30:00+00:00	2025-08-01	2025-07-31	1
PANW	2026-01-02	2026-01-05T08:30:00+00:00	2026-01-02	2025-12-30	3
PANW	2026-05-14	2026-05-15T07:30:00+00:00	2026-05-14	2026-05-13	1
PANW	2026-05-22	2026-05-26T07:30:00+00:00	2026-05-25	2026-05-22	3
CRWD	2022-12-30	2023-01-03T08:30:00+00:00	2023-01-02	2022-12-30	3
CRWD	2023-05-18	2023-05-19T07:30:00+00:00	2023-05-18	2023-05-17	1
CRWD	2023-05-26	2023-05-30T07:30:00+00:00	2023-05-29	2023-05-26	3
CRWD	2023-08-01	2023-08-02T07:30:00+00:00	2023-08-01	2023-07-31	1
CRWD	2024-01-02	2024-01-03T08:30:00+00:00	2024-01-02	2023-12-29	4
CRWD	2024-05-09	2024-05-10T07:30:00+00:00	2024-05-09	2024-05-08	1
CRWD	2024-05-20	2024-05-21T07:30:00+00:00	2024-05-20	2024-05-17	3
CRWD	2024-08-01	2024-08-02T07:30:00+00:00	2024-08-01	2024-07-31	1
CRWD	2025-01-02	2025-01-03T08:30:00+00:00	2025-01-02	2024-12-30	3
CRWD	2025-05-29	2025-05-30T07:30:00+00:00	2025-05-29	2025-05-28	1
CRWD	2025-06-09	2025-06-10T07:30:00+00:00	2025-06-09	2025-06-06	3
CRWD	2025-08-01	2025-08-04T07:30:00+00:00	2025-08-01	2025-07-31	1
CRWD	2026-01-02	2026-01-05T08:30:00+00:00	2026-01-02	2025-12-30	3
CRWD	2026-05-14	2026-05-15T07:30:00+00:00	2026-05-14	2026-05-13	1
CRWD	2026-05-22	2026-05-26T07:30:00+00:00	2026-05-25	2026-05-22	3
UBER	2022-12-30	2023-01-03T08:30:00+00:00	2023-01-02	2022-12-30	3
UBER	2023-05-18	2023-05-19T07:30:00+00:00	2023-05-18	2023-05-17	1
UBER	2023-05-26	2023-05-30T07:30:00+00:00	2023-05-29	2023-05-26	3
UBER	2023-08-01	2023-08-02T07:30:00+00:00	2023-08-01	2023-07-31	1
UBER	2024-01-02	2024-01-03T08:30:00+00:00	2024-01-02	2023-12-29	4
UBER	2024-05-09	2024-05-10T07:30:00+00:00	2024-05-09	2024-05-08	1
UBER	2024-05-20	2024-05-21T07:30:00+00:00	2024-05-20	2024-05-17	3
UBER	2024-08-01	2024-08-02T07:30:00+00:00	2024-08-01	2024-07-31	1
UBER	2025-01-02	2025-01-03T08:30:00+00:00	2025-01-02	2024-12-30	3
UBER	2025-05-29	2025-05-30T07:30:00+00:00	2025-05-29	2025-05-28	1
UBER	2025-06-09	2025-06-10T07:30:00+00:00	2025-06-09	2025-06-06	3
UBER	2025-08-01	2025-08-04T07:30:00+00:00	2025-08-01	2025-07-31	1
UBER	2026-01-02	2026-01-05T08:30:00+00:00	2026-01-02	2025-12-30	3
UBER	2026-05-14	2026-05-15T07:30:00+00:00	2026-05-14	2026-05-13	1
UBER	2026-05-22	2026-05-26T07:30:00+00:00	2026-05-25	2026-05-22	3
APP	2022-12-30	2023-01-03T08:30:00+00:00	2023-01-02	2022-12-30	3
APP	2023-05-18	2023-05-19T07:30:00+00:00	2023-05-18	2023-05-17	1
APP	2023-05-26	2023-05-30T07:30:00+00:00	2023-05-29	2023-05-26	3
APP	2023-08-01	2023-08-02T07:30:00+00:00	2023-08-01	2023-07-31	1
APP	2024-01-02	2024-01-03T08:30:00+00:00	2024-01-02	2023-12-29	4
APP	2024-05-09	2024-05-10T07:30:00+00:00	2024-05-09	2024-05-08	1
APP	2024-05-20	2024-05-21T07:30:00+00:00	2024-05-20	2024-05-17	3
APP	2024-08-01	2024-08-02T07:30:00+00:00	2024-08-01	2024-07-31	1
APP	2025-01-02	2025-01-03T08:30:00+00:00	2025-01-02	2024-12-30	3
APP	2025-05-29	2025-05-30T07:30:00+00:00	2025-05-29	2025-05-28	1
APP	2025-06-09	2025-06-10T07:30:00+00:00	2025-06-09	2025-06-06	3
APP	2025-08-01	2025-08-04T07:30:00+00:00	2025-08-01	2025-07-31	1
APP	2026-01-02	2026-01-05T08:30:00+00:00	2026-01-02	2025-12-30	3
APP	2026-05-14	2026-05-15T07:30:00+00:00	2026-05-14	2026-05-13	1
APP	2026-05-22	2026-05-26T07:30:00+00:00	2026-05-25	2026-05-22	3
GS	2022-12-30	2023-01-03T08:30:00+00:00	2023-01-02	2022-12-30	3
GS	2023-05-18	2023-05-19T07:30:00+00:00	2023-05-18	2023-05-17	1
GS	2023-05-26	2023-05-30T07:30:00+00:00	2023-05-29	2023-05-26	3
GS	2023-08-01	2023-08-02T07:30:00+00:00	2023-08-01	2023-07-31	1
GS	2024-01-02	2024-01-03T08:30:00+00:00	2024-01-02	2023-12-29	4
GS	2024-05-09	2024-05-10T07:30:00+00:00	2024-05-09	2024-05-08	1
GS	2024-05-20	2024-05-21T07:30:00+00:00	2024-05-20	2024-05-17	3
GS	2024-08-01	2024-08-02T07:30:00+00:00	2024-08-01	2024-07-31	1
GS	2025-01-02	2025-01-03T08:30:00+00:00	2025-01-02	2024-12-30	3
GS	2025-05-29	2025-05-30T07:30:00+00:00	2025-05-29	2025-05-28	1
GS	2025-06-09	2025-06-10T07:30:00+00:00	2025-06-09	2025-06-06	3
GS	2025-08-01	2025-08-04T07:30:00+00:00	2025-08-01	2025-07-31	1
GS	2026-01-02	2026-01-05T08:30:00+00:00	2026-01-02	2025-12-30	3
GS	2026-05-14	2026-05-15T07:30:00+00:00	2026-05-14	2026-05-13	1
GS	2026-05-22	2026-05-26T07:30:00+00:00	2026-05-25	2026-05-22	3
V	2022-12-30	2023-01-03T08:30:00+00:00	2023-01-02	2022-12-30	3
V	2023-05-18	2023-05-19T07:30:00+00:00	2023-05-18	2023-05-17	1
V	2023-05-26	2023-05-30T07:30:00+00:00	2023-05-29	2023-05-26	3
V	2023-08-01	2023-08-02T07:30:00+00:00	2023-08-01	2023-07-31	1
V	2024-01-02	2024-01-03T08:30:00+00:00	2024-01-02	2023-12-29	4
V	2024-05-09	2024-05-10T07:30:00+00:00	2024-05-09	2024-05-08	1
V	2024-05-20	2024-05-21T07:30:00+00:00	2024-05-20	2024-05-17	3
V	2024-08-01	2024-08-02T07:30:00+00:00	2024-08-01	2024-07-31	1
V	2025-01-02	2025-01-03T08:30:00+00:00	2025-01-02	2024-12-30	3
V	2025-05-29	2025-05-30T07:30:00+00:00	2025-05-29	2025-05-28	1
V	2025-06-09	2025-06-10T07:30:00+00:00	2025-06-09	2025-06-06	3
V	2025-08-01	2025-08-04T07:30:00+00:00	2025-08-01	2025-07-31	1
V	2026-01-02	2026-01-05T08:30:00+00:00	2026-01-02	2025-12-30	3
V	2026-05-14	2026-05-15T07:30:00+00:00	2026-05-14	2026-05-13	1
V	2026-05-22	2026-05-26T07:30:00+00:00	2026-05-25	2026-05-22	3
MA	2022-12-30	2023-01-03T08:30:00+00:00	2023-01-02	2022-12-30	3
MA	2023-05-18	2023-05-19T07:30:00+00:00	2023-05-18	2023-05-17	1
MA	2023-05-26	2023-05-30T07:30:00+00:00	2023-05-29	2023-05-26	3
MA	2023-08-01	2023-08-02T07:30:00+00:00	2023-08-01	2023-07-31	1
MA	2024-01-02	2024-01-03T08:30:00+00:00	2024-01-02	2023-12-29	4
MA	2024-05-09	2024-05-10T07:30:00+00:00	2024-05-09	2024-05-08	1
MA	2024-05-20	2024-05-21T07:30:00+00:00	2024-05-20	2024-05-17	3
MA	2024-08-01	2024-08-02T07:30:00+00:00	2024-08-01	2024-07-31	1
MA	2025-01-02	2025-01-03T08:30:00+00:00	2025-01-02	2024-12-30	3
MA	2025-05-29	2025-05-30T07:30:00+00:00	2025-05-29	2025-05-28	1
MA	2025-06-09	2025-06-10T07:30:00+00:00	2025-06-09	2025-06-06	3
MA	2025-08-01	2025-08-04T07:30:00+00:00	2025-08-01	2025-07-31	1
MA	2026-01-02	2026-01-05T08:30:00+00:00	2026-01-02	2025-12-30	3
MA	2026-05-14	2026-05-15T07:30:00+00:00	2026-05-14	2026-05-13	1
MA	2026-05-22	2026-05-26T07:30:00+00:00	2026-05-25	2026-05-22	3
BRK-B	2022-12-30	2023-01-03T08:30:00+00:00	2023-01-02	2022-12-30	3
BRK-B	2023-05-18	2023-05-19T07:30:00+00:00	2023-05-18	2023-05-17	1
BRK-B	2023-05-26	2023-05-30T07:30:00+00:00	2023-05-29	2023-05-26	3
BRK-B	2023-08-01	2023-08-02T07:30:00+00:00	2023-08-01	2023-07-31	1
BRK-B	2024-01-02	2024-01-03T08:30:00+00:00	2024-01-02	2023-12-29	4
BRK-B	2024-05-09	2024-05-10T07:30:00+00:00	2024-05-09	2024-05-08	1
BRK-B	2024-05-20	2024-05-21T07:30:00+00:00	2024-05-20	2024-05-17	3
BRK-B	2024-08-01	2024-08-02T07:30:00+00:00	2024-08-01	2024-07-31	1
BRK-B	2025-01-02	2025-01-03T08:30:00+00:00	2025-01-02	2024-12-30	3
BRK-B	2025-05-29	2025-05-30T07:30:00+00:00	2025-05-29	2025-05-28	1
BRK-B	2025-06-09	2025-06-10T07:30:00+00:00	2025-06-09	2025-06-06	3
BRK-B	2025-08-01	2025-08-04T07:30:00+00:00	2025-08-01	2025-07-31	1
BRK-B	2026-01-02	2026-01-05T08:30:00+00:00	2026-01-02	2025-12-30	3
BRK-B	2026-05-14	2026-05-15T07:30:00+00:00	2026-05-14	2026-05-13	1
BRK-B	2026-05-22	2026-05-26T07:30:00+00:00	2026-05-25	2026-05-22	3
LLY	2022-12-30	2023-01-03T08:30:00+00:00	2023-01-02	2022-12-30	3
LLY	2023-05-18	2023-05-19T07:30:00+00:00	2023-05-18	2023-05-17	1
LLY	2023-05-26	2023-05-30T07:30:00+00:00	2023-05-29	2023-05-26	3
LLY	2023-08-01	2023-08-02T07:30:00+00:00	2023-08-01	2023-07-31	1
LLY	2024-01-02	2024-01-03T08:30:00+00:00	2024-01-02	2023-12-29	4
LLY	2024-05-09	2024-05-10T07:30:00+00:00	2024-05-09	2024-05-08	1
LLY	2024-05-20	2024-05-21T07:30:00+00:00	2024-05-20	2024-05-17	3
LLY	2024-08-01	2024-08-02T07:30:00+00:00	2024-08-01	2024-07-31	1
LLY	2025-01-02	2025-01-03T08:30:00+00:00	2025-01-02	2024-12-30	3
LLY	2025-05-29	2025-05-30T07:30:00+00:00	2025-05-29	2025-05-28	1
LLY	2025-06-09	2025-06-10T07:30:00+00:00	2025-06-09	2025-06-06	3
LLY	2025-08-01	2025-08-04T07:30:00+00:00	2025-08-01	2025-07-31	1
LLY	2026-01-02	2026-01-05T08:30:00+00:00	2026-01-02	2025-12-30	3
LLY	2026-05-14	2026-05-15T07:30:00+00:00	2026-05-14	2026-05-13	1
LLY	2026-05-22	2026-05-26T07:30:00+00:00	2026-05-25	2026-05-22	3
ABBV	2022-12-30	2023-01-03T08:30:00+00:00	2023-01-02	2022-12-30	3
ABBV	2023-05-18	2023-05-19T07:30:00+00:00	2023-05-18	2023-05-17	1
ABBV	2023-05-26	2023-05-30T07:30:00+00:00	2023-05-29	2023-05-26	3
ABBV	2023-08-01	2023-08-02T07:30:00+00:00	2023-08-01	2023-07-31	1
ABBV	2024-01-02	2024-01-03T08:30:00+00:00	2024-01-02	2023-12-29	4
ABBV	2024-05-09	2024-05-10T07:30:00+00:00	2024-05-09	2024-05-08	1
ABBV	2024-05-20	2024-05-21T07:30:00+00:00	2024-05-20	2024-05-17	3
ABBV	2024-08-01	2024-08-02T07:30:00+00:00	2024-08-01	2024-07-31	1
ABBV	2025-01-02	2025-01-03T08:30:00+00:00	2025-01-02	2024-12-30	3
ABBV	2025-05-29	2025-05-30T07:30:00+00:00	2025-05-29	2025-05-28	1
ABBV	2025-06-09	2025-06-10T07:30:00+00:00	2025-06-09	2025-06-06	3
ABBV	2025-08-01	2025-08-04T07:30:00+00:00	2025-08-01	2025-07-31	1
ABBV	2026-01-02	2026-01-05T08:30:00+00:00	2026-01-02	2025-12-30	3
ABBV	2026-05-14	2026-05-15T07:30:00+00:00	2026-05-14	2026-05-13	1
ABBV	2026-05-22	2026-05-26T07:30:00+00:00	2026-05-25	2026-05-22	3
VRTX	2022-12-30	2023-01-03T08:30:00+00:00	2023-01-02	2022-12-30	3
VRTX	2023-05-18	2023-05-19T07:30:00+00:00	2023-05-18	2023-05-17	1
VRTX	2023-05-26	2023-05-30T07:30:00+00:00	2023-05-29	2023-05-26	3
VRTX	2023-08-01	2023-08-02T07:30:00+00:00	2023-08-01	2023-07-31	1
VRTX	2024-01-02	2024-01-03T08:30:00+00:00	2024-01-02	2023-12-29	4
VRTX	2024-05-09	2024-05-10T07:30:00+00:00	2024-05-09	2024-05-08	1
VRTX	2024-05-20	2024-05-21T07:30:00+00:00	2024-05-20	2024-05-17	3
VRTX	2024-08-01	2024-08-02T07:30:00+00:00	2024-08-01	2024-07-31	1
VRTX	2025-01-02	2025-01-03T08:30:00+00:00	2025-01-02	2024-12-30	3
VRTX	2025-05-29	2025-05-30T07:30:00+00:00	2025-05-29	2025-05-28	1
VRTX	2025-06-09	2025-06-10T07:30:00+00:00	2025-06-09	2025-06-06	3
VRTX	2025-08-01	2025-08-04T07:30:00+00:00	2025-08-01	2025-07-31	1
VRTX	2026-01-02	2026-01-05T08:30:00+00:00	2026-01-02	2025-12-30	3
VRTX	2026-05-14	2026-05-15T07:30:00+00:00	2026-05-14	2026-05-13	1
VRTX	2026-05-22	2026-05-26T07:30:00+00:00	2026-05-25	2026-05-22	3
LMT	2022-12-30	2023-01-03T08:30:00+00:00	2023-01-02	2022-12-30	3
LMT	2023-05-18	2023-05-19T07:30:00+00:00	2023-05-18	2023-05-17	1
LMT	2023-05-26	2023-05-30T07:30:00+00:00	2023-05-29	2023-05-26	3
LMT	2023-08-01	2023-08-02T07:30:00+00:00	2023-08-01	2023-07-31	1
LMT	2024-01-02	2024-01-03T08:30:00+00:00	2024-01-02	2023-12-29	4
LMT	2024-05-09	2024-05-10T07:30:00+00:00	2024-05-09	2024-05-08	1
LMT	2024-05-20	2024-05-21T07:30:00+00:00	2024-05-20	2024-05-17	3
LMT	2024-08-01	2024-08-02T07:30:00+00:00	2024-08-01	2024-07-31	1
LMT	2025-01-02	2025-01-03T08:30:00+00:00	2025-01-02	2024-12-30	3
LMT	2025-05-29	2025-05-30T07:30:00+00:00	2025-05-29	2025-05-28	1
LMT	2025-06-09	2025-06-10T07:30:00+00:00	2025-06-09	2025-06-06	3
LMT	2025-08-01	2025-08-04T07:30:00+00:00	2025-08-01	2025-07-31	1
LMT	2026-01-02	2026-01-05T08:30:00+00:00	2026-01-02	2025-12-30	3
LMT	2026-05-14	2026-05-15T07:30:00+00:00	2026-05-14	2026-05-13	1
LMT	2026-05-22	2026-05-26T07:30:00+00:00	2026-05-25	2026-05-22	3
CAT	2022-12-30	2023-01-03T08:30:00+00:00	2023-01-02	2022-12-30	3
CAT	2023-05-18	2023-05-19T07:30:00+00:00	2023-05-18	2023-05-17	1
CAT	2023-05-26	2023-05-30T07:30:00+00:00	2023-05-29	2023-05-26	3
CAT	2023-08-01	2023-08-02T07:30:00+00:00	2023-08-01	2023-07-31	1
CAT	2024-01-02	2024-01-03T08:30:00+00:00	2024-01-02	2023-12-29	4
CAT	2024-05-09	2024-05-10T07:30:00+00:00	2024-05-09	2024-05-08	1
CAT	2024-05-20	2024-05-21T07:30:00+00:00	2024-05-20	2024-05-17	3
CAT	2024-08-01	2024-08-02T07:30:00+00:00	2024-08-01	2024-07-31	1
CAT	2025-01-02	2025-01-03T08:30:00+00:00	2025-01-02	2024-12-30	3
CAT	2025-05-29	2025-05-30T07:30:00+00:00	2025-05-29	2025-05-28	1
CAT	2025-06-09	2025-06-10T07:30:00+00:00	2025-06-09	2025-06-06	3
CAT	2025-08-01	2025-08-04T07:30:00+00:00	2025-08-01	2025-07-31	1
CAT	2026-01-02	2026-01-05T08:30:00+00:00	2026-01-02	2025-12-30	3
CAT	2026-05-14	2026-05-15T07:30:00+00:00	2026-05-14	2026-05-13	1
CAT	2026-05-22	2026-05-26T07:30:00+00:00	2026-05-25	2026-05-22	3
XOM	2022-12-30	2023-01-03T08:30:00+00:00	2023-01-02	2022-12-30	3
XOM	2023-05-18	2023-05-19T07:30:00+00:00	2023-05-18	2023-05-17	1
XOM	2023-05-26	2023-05-30T07:30:00+00:00	2023-05-29	2023-05-26	3
XOM	2023-08-01	2023-08-02T07:30:00+00:00	2023-08-01	2023-07-31	1
XOM	2024-01-02	2024-01-03T08:30:00+00:00	2024-01-02	2023-12-29	4
XOM	2024-05-09	2024-05-10T07:30:00+00:00	2024-05-09	2024-05-08	1
XOM	2024-05-20	2024-05-21T07:30:00+00:00	2024-05-20	2024-05-17	3
XOM	2024-08-01	2024-08-02T07:30:00+00:00	2024-08-01	2024-07-31	1
XOM	2025-01-02	2025-01-03T08:30:00+00:00	2025-01-02	2024-12-30	3
XOM	2025-05-29	2025-05-30T07:30:00+00:00	2025-05-29	2025-05-28	1
XOM	2025-06-09	2025-06-10T07:30:00+00:00	2025-06-09	2025-06-06	3
XOM	2025-08-01	2025-08-04T07:30:00+00:00	2025-08-01	2025-07-31	1
XOM	2026-01-02	2026-01-05T08:30:00+00:00	2026-01-02	2025-12-30	3
XOM	2026-05-14	2026-05-15T07:30:00+00:00	2026-05-14	2026-05-13	1
XOM	2026-05-22	2026-05-26T07:30:00+00:00	2026-05-25	2026-05-22	3
CVX	2022-12-30	2023-01-03T08:30:00+00:00	2023-01-02	2022-12-30	3
CVX	2023-05-18	2023-05-19T07:30:00+00:00	2023-05-18	2023-05-17	1
CVX	2023-05-26	2023-05-30T07:30:00+00:00	2023-05-29	2023-05-26	3
CVX	2023-08-01	2023-08-02T07:30:00+00:00	2023-08-01	2023-07-31	1
CVX	2024-01-02	2024-01-03T08:30:00+00:00	2024-01-02	2023-12-29	4
CVX	2024-05-09	2024-05-10T07:30:00+00:00	2024-05-09	2024-05-08	1
CVX	2024-05-20	2024-05-21T07:30:00+00:00	2024-05-20	2024-05-17	3
CVX	2024-08-01	2024-08-02T07:30:00+00:00	2024-08-01	2024-07-31	1
CVX	2025-01-02	2025-01-03T08:30:00+00:00	2025-01-02	2024-12-30	3
CVX	2025-05-29	2025-05-30T07:30:00+00:00	2025-05-29	2025-05-28	1
CVX	2025-06-09	2025-06-10T07:30:00+00:00	2025-06-09	2025-06-06	3
CVX	2025-08-01	2025-08-04T07:30:00+00:00	2025-08-01	2025-07-31	1
CVX	2026-01-02	2026-01-05T08:30:00+00:00	2026-01-02	2025-12-30	3
CVX	2026-05-14	2026-05-15T07:30:00+00:00	2026-05-14	2026-05-13	1
CVX	2026-05-22	2026-05-26T07:30:00+00:00	2026-05-25	2026-05-22	3
COIN	2022-12-30	2023-01-03T08:30:00+00:00	2023-01-02	2022-12-30	3
COIN	2023-05-18	2023-05-19T07:30:00+00:00	2023-05-18	2023-05-17	1
COIN	2023-05-26	2023-05-30T07:30:00+00:00	2023-05-29	2023-05-26	3
COIN	2023-08-01	2023-08-02T07:30:00+00:00	2023-08-01	2023-07-31	1
COIN	2024-01-02	2024-01-03T08:30:00+00:00	2024-01-02	2023-12-29	4
COIN	2024-05-09	2024-05-10T07:30:00+00:00	2024-05-09	2024-05-08	1
COIN	2024-05-20	2024-05-21T07:30:00+00:00	2024-05-20	2024-05-17	3
COIN	2024-08-01	2024-08-02T07:30:00+00:00	2024-08-01	2024-07-31	1
COIN	2025-01-02	2025-01-03T08:30:00+00:00	2025-01-02	2024-12-30	3
COIN	2025-05-29	2025-05-30T07:30:00+00:00	2025-05-29	2025-05-28	1
COIN	2025-06-09	2025-06-10T07:30:00+00:00	2025-06-09	2025-06-06	3
COIN	2025-08-01	2025-08-04T07:30:00+00:00	2025-08-01	2025-07-31	1
COIN	2026-01-02	2026-01-05T08:30:00+00:00	2026-01-02	2025-12-30	3
COIN	2026-05-14	2026-05-15T07:30:00+00:00	2026-05-14	2026-05-13	1
COIN	2026-05-22	2026-05-26T07:30:00+00:00	2026-05-25	2026-05-22	3
SAP.DE	2023-01-02	2023-01-03T07:00:00+00:00	2023-01-02	2022-12-30	3
SAP.DE	2023-05-18	2023-05-19T06:00:00+00:00	2023-05-18	2023-05-17	1
SAP.DE	2023-05-29	2023-05-30T06:00:00+00:00	2023-05-29	2023-05-26	3
SAP.DE	2023-08-01	2023-08-02T06:00:00+00:00	2023-08-01	2023-07-31	1
SAP.DE	2024-01-02	2024-01-03T07:00:00+00:00	2024-01-02	2023-12-29	4
SAP.DE	2024-05-09	2024-05-10T06:00:00+00:00	2024-05-09	2024-05-08	1
SAP.DE	2024-05-20	2024-05-21T06:00:00+00:00	2024-05-20	2024-05-17	3
SAP.DE	2024-08-01	2024-08-02T06:00:00+00:00	2024-08-01	2024-07-31	1
SAP.DE	2025-01-02	2025-01-03T07:00:00+00:00	2025-01-02	2024-12-30	3
SAP.DE	2025-05-29	2025-05-30T06:00:00+00:00	2025-05-29	2025-05-28	1
SAP.DE	2025-06-09	2025-06-10T06:00:00+00:00	2025-06-09	2025-06-06	3
SAP.DE	2025-08-01	2025-08-04T06:00:00+00:00	2025-08-01	2025-07-31	1
SAP.DE	2026-01-02	2026-01-05T07:00:00+00:00	2026-01-02	2025-12-30	3
SAP.DE	2026-05-14	2026-05-15T06:00:00+00:00	2026-05-14	2026-05-13	1
SAP.DE	2026-05-25	2026-05-26T06:00:00+00:00	2026-05-25	2026-05-22	3
SIE.DE	2023-01-02	2023-01-03T07:00:00+00:00	2023-01-02	2022-12-30	3
SIE.DE	2023-05-18	2023-05-19T06:00:00+00:00	2023-05-18	2023-05-17	1
SIE.DE	2023-05-29	2023-05-30T06:00:00+00:00	2023-05-29	2023-05-26	3
SIE.DE	2023-08-01	2023-08-02T06:00:00+00:00	2023-08-01	2023-07-31	1
SIE.DE	2024-01-02	2024-01-03T07:00:00+00:00	2024-01-02	2023-12-29	4
SIE.DE	2024-05-09	2024-05-10T06:00:00+00:00	2024-05-09	2024-05-08	1
SIE.DE	2024-05-20	2024-05-21T06:00:00+00:00	2024-05-20	2024-05-17	3
SIE.DE	2024-08-01	2024-08-02T06:00:00+00:00	2024-08-01	2024-07-31	1
SIE.DE	2025-01-02	2025-01-03T07:00:00+00:00	2025-01-02	2024-12-30	3
SIE.DE	2025-05-29	2025-05-30T06:00:00+00:00	2025-05-29	2025-05-28	1
SIE.DE	2025-06-09	2025-06-10T06:00:00+00:00	2025-06-09	2025-06-06	3
SIE.DE	2025-08-01	2025-08-04T06:00:00+00:00	2025-08-01	2025-07-31	1
SIE.DE	2026-01-02	2026-01-05T07:00:00+00:00	2026-01-02	2025-12-30	3
SIE.DE	2026-05-14	2026-05-15T06:00:00+00:00	2026-05-14	2026-05-13	1
SIE.DE	2026-05-25	2026-05-26T06:00:00+00:00	2026-05-25	2026-05-22	3
ALV.DE	2023-01-02	2023-01-03T07:00:00+00:00	2023-01-02	2022-12-30	3
ALV.DE	2023-05-18	2023-05-19T06:00:00+00:00	2023-05-18	2023-05-17	1
ALV.DE	2023-05-29	2023-05-30T06:00:00+00:00	2023-05-29	2023-05-26	3
ALV.DE	2023-08-01	2023-08-02T06:00:00+00:00	2023-08-01	2023-07-31	1
ALV.DE	2024-01-02	2024-01-03T07:00:00+00:00	2024-01-02	2023-12-29	4
ALV.DE	2024-05-09	2024-05-10T06:00:00+00:00	2024-05-09	2024-05-08	1
ALV.DE	2024-05-20	2024-05-21T06:00:00+00:00	2024-05-20	2024-05-17	3
ALV.DE	2024-08-01	2024-08-02T06:00:00+00:00	2024-08-01	2024-07-31	1
ALV.DE	2025-01-02	2025-01-03T07:00:00+00:00	2025-01-02	2024-12-30	3
ALV.DE	2025-05-29	2025-05-30T06:00:00+00:00	2025-05-29	2025-05-28	1
ALV.DE	2025-06-09	2025-06-10T06:00:00+00:00	2025-06-09	2025-06-06	3
ALV.DE	2025-08-01	2025-08-04T06:00:00+00:00	2025-08-01	2025-07-31	1
ALV.DE	2026-01-02	2026-01-05T07:00:00+00:00	2026-01-02	2025-12-30	3
ALV.DE	2026-05-14	2026-05-15T06:00:00+00:00	2026-05-14	2026-05-13	1
ALV.DE	2026-05-25	2026-05-26T06:00:00+00:00	2026-05-25	2026-05-22	3
MBG.DE	2023-01-02	2023-01-03T07:00:00+00:00	2023-01-02	2022-12-30	3
MBG.DE	2023-05-18	2023-05-19T06:00:00+00:00	2023-05-18	2023-05-17	1
MBG.DE	2023-05-29	2023-05-30T06:00:00+00:00	2023-05-29	2023-05-26	3
MBG.DE	2023-08-01	2023-08-02T06:00:00+00:00	2023-08-01	2023-07-31	1
MBG.DE	2024-01-02	2024-01-03T07:00:00+00:00	2024-01-02	2023-12-29	4
MBG.DE	2024-05-09	2024-05-10T06:00:00+00:00	2024-05-09	2024-05-08	1
MBG.DE	2024-05-20	2024-05-21T06:00:00+00:00	2024-05-20	2024-05-17	3
MBG.DE	2024-08-01	2024-08-02T06:00:00+00:00	2024-08-01	2024-07-31	1
MBG.DE	2025-01-02	2025-01-03T07:00:00+00:00	2025-01-02	2024-12-30	3
MBG.DE	2025-05-29	2025-05-30T06:00:00+00:00	2025-05-29	2025-05-28	1
MBG.DE	2025-06-09	2025-06-10T06:00:00+00:00	2025-06-09	2025-06-06	3
MBG.DE	2025-08-01	2025-08-04T06:00:00+00:00	2025-08-01	2025-07-31	1
MBG.DE	2026-01-02	2026-01-05T07:00:00+00:00	2026-01-02	2025-12-30	3
MBG.DE	2026-05-14	2026-05-15T06:00:00+00:00	2026-05-14	2026-05-13	1
MBG.DE	2026-05-25	2026-05-26T06:00:00+00:00	2026-05-25	2026-05-22	3
ENR.DE	2023-01-02	2023-01-03T07:00:00+00:00	2023-01-02	2022-12-30	3
ENR.DE	2023-05-18	2023-05-19T06:00:00+00:00	2023-05-18	2023-05-17	1
ENR.DE	2023-05-29	2023-05-30T06:00:00+00:00	2023-05-29	2023-05-26	3
ENR.DE	2023-08-01	2023-08-02T06:00:00+00:00	2023-08-01	2023-07-31	1
ENR.DE	2024-01-02	2024-01-03T07:00:00+00:00	2024-01-02	2023-12-29	4
ENR.DE	2024-05-09	2024-05-10T06:00:00+00:00	2024-05-09	2024-05-08	1
ENR.DE	2024-05-20	2024-05-21T06:00:00+00:00	2024-05-20	2024-05-17	3
ENR.DE	2024-08-01	2024-08-02T06:00:00+00:00	2024-08-01	2024-07-31	1
ENR.DE	2025-01-02	2025-01-03T07:00:00+00:00	2025-01-02	2024-12-30	3
ENR.DE	2025-05-29	2025-05-30T06:00:00+00:00	2025-05-29	2025-05-28	1
ENR.DE	2025-06-09	2025-06-10T06:00:00+00:00	2025-06-09	2025-06-06	3
ENR.DE	2025-08-01	2025-08-04T06:00:00+00:00	2025-08-01	2025-07-31	1
ENR.DE	2026-01-02	2026-01-05T07:00:00+00:00	2026-01-02	2025-12-30	3
ENR.DE	2026-05-14	2026-05-15T06:00:00+00:00	2026-05-14	2026-05-13	1
ENR.DE	2026-05-25	2026-05-26T06:00:00+00:00	2026-05-25	2026-05-22	3
DTE.DE	2023-01-02	2023-01-03T07:00:00+00:00	2023-01-02	2022-12-30	3
DTE.DE	2023-05-18	2023-05-19T06:00:00+00:00	2023-05-18	2023-05-17	1
DTE.DE	2023-05-29	2023-05-30T06:00:00+00:00	2023-05-29	2023-05-26	3
DTE.DE	2023-08-01	2023-08-02T06:00:00+00:00	2023-08-01	2023-07-31	1
DTE.DE	2024-01-02	2024-01-03T07:00:00+00:00	2024-01-02	2023-12-29	4
DTE.DE	2024-05-09	2024-05-10T06:00:00+00:00	2024-05-09	2024-05-08	1
DTE.DE	2024-05-20	2024-05-21T06:00:00+00:00	2024-05-20	2024-05-17	3
DTE.DE	2024-08-01	2024-08-02T06:00:00+00:00	2024-08-01	2024-07-31	1
DTE.DE	2025-01-02	2025-01-03T07:00:00+00:00	2025-01-02	2024-12-30	3
DTE.DE	2025-05-29	2025-05-30T06:00:00+00:00	2025-05-29	2025-05-28	1
DTE.DE	2025-06-09	2025-06-10T06:00:00+00:00	2025-06-09	2025-06-06	3
DTE.DE	2025-08-01	2025-08-04T06:00:00+00:00	2025-08-01	2025-07-31	1
DTE.DE	2026-01-02	2026-01-05T07:00:00+00:00	2026-01-02	2025-12-30	3
DTE.DE	2026-05-14	2026-05-15T06:00:00+00:00	2026-05-14	2026-05-13	1
DTE.DE	2026-05-25	2026-05-26T06:00:00+00:00	2026-05-25	2026-05-22	3
DBK.DE	2023-01-02	2023-01-03T07:00:00+00:00	2023-01-02	2022-12-30	3
DBK.DE	2023-05-18	2023-05-19T06:00:00+00:00	2023-05-18	2023-05-17	1
DBK.DE	2023-05-29	2023-05-30T06:00:00+00:00	2023-05-29	2023-05-26	3
DBK.DE	2023-08-01	2023-08-02T06:00:00+00:00	2023-08-01	2023-07-31	1
DBK.DE	2024-01-02	2024-01-03T07:00:00+00:00	2024-01-02	2023-12-29	4
DBK.DE	2024-05-09	2024-05-10T06:00:00+00:00	2024-05-09	2024-05-08	1
DBK.DE	2024-05-20	2024-05-21T06:00:00+00:00	2024-05-20	2024-05-17	3
DBK.DE	2024-08-01	2024-08-02T06:00:00+00:00	2024-08-01	2024-07-31	1
DBK.DE	2025-01-02	2025-01-03T07:00:00+00:00	2025-01-02	2024-12-30	3
DBK.DE	2025-05-29	2025-05-30T06:00:00+00:00	2025-05-29	2025-05-28	1
DBK.DE	2025-06-09	2025-06-10T06:00:00+00:00	2025-06-09	2025-06-06	3
DBK.DE	2025-08-01	2025-08-04T06:00:00+00:00	2025-08-01	2025-07-31	1
DBK.DE	2026-01-02	2026-01-05T07:00:00+00:00	2026-01-02	2025-12-30	3
DBK.DE	2026-05-14	2026-05-15T06:00:00+00:00	2026-05-14	2026-05-13	1
DBK.DE	2026-05-25	2026-05-26T06:00:00+00:00	2026-05-25	2026-05-22	3
MUV2.DE	2023-01-02	2023-01-03T07:00:00+00:00	2023-01-02	2022-12-30	3
MUV2.DE	2023-05-18	2023-05-19T06:00:00+00:00	2023-05-18	2023-05-17	1
MUV2.DE	2023-05-29	2023-05-30T06:00:00+00:00	2023-05-29	2023-05-26	3
MUV2.DE	2023-08-01	2023-08-02T06:00:00+00:00	2023-08-01	2023-07-31	1
MUV2.DE	2024-01-02	2024-01-03T07:00:00+00:00	2024-01-02	2023-12-29	4
MUV2.DE	2024-05-09	2024-05-10T06:00:00+00:00	2024-05-09	2024-05-08	1
MUV2.DE	2024-05-20	2024-05-21T06:00:00+00:00	2024-05-20	2024-05-17	3
MUV2.DE	2024-08-01	2024-08-02T06:00:00+00:00	2024-08-01	2024-07-31	1
MUV2.DE	2025-01-02	2025-01-03T07:00:00+00:00	2025-01-02	2024-12-30	3
MUV2.DE	2025-05-29	2025-05-30T06:00:00+00:00	2025-05-29	2025-05-28	1
MUV2.DE	2025-06-09	2025-06-10T06:00:00+00:00	2025-06-09	2025-06-06	3
MUV2.DE	2025-08-01	2025-08-04T06:00:00+00:00	2025-08-01	2025-07-31	1
MUV2.DE	2026-01-02	2026-01-05T07:00:00+00:00	2026-01-02	2025-12-30	3
MUV2.DE	2026-05-14	2026-05-15T06:00:00+00:00	2026-05-14	2026-05-13	1
MUV2.DE	2026-05-25	2026-05-26T06:00:00+00:00	2026-05-25	2026-05-22	3
IFX.DE	2023-01-02	2023-01-03T07:00:00+00:00	2023-01-02	2022-12-30	3
IFX.DE	2023-05-18	2023-05-19T06:00:00+00:00	2023-05-18	2023-05-17	1
IFX.DE	2023-05-29	2023-05-30T06:00:00+00:00	2023-05-29	2023-05-26	3
IFX.DE	2023-08-01	2023-08-02T06:00:00+00:00	2023-08-01	2023-07-31	1
IFX.DE	2024-01-02	2024-01-03T07:00:00+00:00	2024-01-02	2023-12-29	4
IFX.DE	2024-05-09	2024-05-10T06:00:00+00:00	2024-05-09	2024-05-08	1
IFX.DE	2024-05-20	2024-05-21T06:00:00+00:00	2024-05-20	2024-05-17	3
IFX.DE	2024-08-01	2024-08-02T06:00:00+00:00	2024-08-01	2024-07-31	1
IFX.DE	2025-01-02	2025-01-03T07:00:00+00:00	2025-01-02	2024-12-30	3
IFX.DE	2025-05-29	2025-05-30T06:00:00+00:00	2025-05-29	2025-05-28	1
IFX.DE	2025-06-09	2025-06-10T06:00:00+00:00	2025-06-09	2025-06-06	3
IFX.DE	2025-08-01	2025-08-04T06:00:00+00:00	2025-08-01	2025-07-31	1
IFX.DE	2026-01-02	2026-01-05T07:00:00+00:00	2026-01-02	2025-12-30	3
IFX.DE	2026-05-14	2026-05-15T06:00:00+00:00	2026-05-14	2026-05-13	1
IFX.DE	2026-05-25	2026-05-26T06:00:00+00:00	2026-05-25	2026-05-22	3
ASML.AS	2023-01-02	2023-01-03T07:00:00+00:00	2023-01-02	2022-12-30	3
ASML.AS	2023-05-18	2023-05-19T06:00:00+00:00	2023-05-18	2023-05-17	1
ASML.AS	2023-05-29	2023-05-30T06:00:00+00:00	2023-05-29	2023-05-26	3
ASML.AS	2023-08-01	2023-08-02T06:00:00+00:00	2023-08-01	2023-07-31	1
ASML.AS	2024-01-02	2024-01-03T07:00:00+00:00	2024-01-02	2023-12-29	4
ASML.AS	2024-05-09	2024-05-10T06:00:00+00:00	2024-05-09	2024-05-08	1
ASML.AS	2024-05-20	2024-05-21T06:00:00+00:00	2024-05-20	2024-05-17	3
ASML.AS	2024-08-01	2024-08-02T06:00:00+00:00	2024-08-01	2024-07-31	1
ASML.AS	2025-01-02	2025-01-03T07:00:00+00:00	2025-01-02	2024-12-30	3
ASML.AS	2025-05-29	2025-05-30T06:00:00+00:00	2025-05-29	2025-05-28	1
ASML.AS	2025-06-09	2025-06-10T06:00:00+00:00	2025-06-09	2025-06-06	3
ASML.AS	2025-08-01	2025-08-04T06:00:00+00:00	2025-08-01	2025-07-31	1
ASML.AS	2026-01-02	2026-01-05T07:00:00+00:00	2026-01-02	2025-12-30	3
ASML.AS	2026-05-14	2026-05-15T06:00:00+00:00	2026-05-14	2026-05-13	1
ASML.AS	2026-05-25	2026-05-26T06:00:00+00:00	2026-05-25	2026-05-22	3
ADYEN.AS	2023-01-02	2023-01-03T07:00:00+00:00	2023-01-02	2022-12-30	3
ADYEN.AS	2023-05-18	2023-05-19T06:00:00+00:00	2023-05-18	2023-05-17	1
ADYEN.AS	2023-05-29	2023-05-30T06:00:00+00:00	2023-05-29	2023-05-26	3
ADYEN.AS	2023-08-01	2023-08-02T06:00:00+00:00	2023-08-01	2023-07-31	1
ADYEN.AS	2024-01-02	2024-01-03T07:00:00+00:00	2024-01-02	2023-12-29	4
ADYEN.AS	2024-05-09	2024-05-10T06:00:00+00:00	2024-05-09	2024-05-08	1
ADYEN.AS	2024-05-20	2024-05-21T06:00:00+00:00	2024-05-20	2024-05-17	3
ADYEN.AS	2024-08-01	2024-08-02T06:00:00+00:00	2024-08-01	2024-07-31	1
ADYEN.AS	2025-01-02	2025-01-03T07:00:00+00:00	2025-01-02	2024-12-30	3
ADYEN.AS	2025-05-29	2025-05-30T06:00:00+00:00	2025-05-29	2025-05-28	1
ADYEN.AS	2025-06-09	2025-06-10T06:00:00+00:00	2025-06-09	2025-06-06	3
ADYEN.AS	2025-08-01	2025-08-04T06:00:00+00:00	2025-08-01	2025-07-31	1
ADYEN.AS	2026-01-02	2026-01-05T07:00:00+00:00	2026-01-02	2025-12-30	3
ADYEN.AS	2026-05-14	2026-05-15T06:00:00+00:00	2026-05-14	2026-05-13	1
ADYEN.AS	2026-05-25	2026-05-26T06:00:00+00:00	2026-05-25	2026-05-22	3
MC.PA	2023-01-02	2023-01-03T07:00:00+00:00	2023-01-02	2022-12-30	3
MC.PA	2023-05-18	2023-05-19T06:00:00+00:00	2023-05-18	2023-05-17	1
MC.PA	2023-05-29	2023-05-30T06:00:00+00:00	2023-05-29	2023-05-26	3
MC.PA	2023-08-01	2023-08-02T06:00:00+00:00	2023-08-01	2023-07-31	1
MC.PA	2024-01-02	2024-01-03T07:00:00+00:00	2024-01-02	2023-12-29	4
MC.PA	2024-05-09	2024-05-10T06:00:00+00:00	2024-05-09	2024-05-08	1
MC.PA	2024-05-20	2024-05-21T06:00:00+00:00	2024-05-20	2024-05-17	3
MC.PA	2024-08-01	2024-08-02T06:00:00+00:00	2024-08-01	2024-07-31	1
MC.PA	2025-01-02	2025-01-03T07:00:00+00:00	2025-01-02	2024-12-30	3
MC.PA	2025-05-29	2025-05-30T06:00:00+00:00	2025-05-29	2025-05-28	1
MC.PA	2025-06-09	2025-06-10T06:00:00+00:00	2025-06-09	2025-06-06	3
MC.PA	2025-08-01	2025-08-04T06:00:00+00:00	2025-08-01	2025-07-31	1
MC.PA	2026-01-02	2026-01-05T07:00:00+00:00	2026-01-02	2025-12-30	3
MC.PA	2026-05-14	2026-05-15T06:00:00+00:00	2026-05-14	2026-05-13	1
MC.PA	2026-05-25	2026-05-26T06:00:00+00:00	2026-05-25	2026-05-22	3
AIR.PA	2023-01-02	2023-01-03T07:00:00+00:00	2023-01-02	2022-12-30	3
AIR.PA	2023-05-18	2023-05-19T06:00:00+00:00	2023-05-18	2023-05-17	1
AIR.PA	2023-05-29	2023-05-30T06:00:00+00:00	2023-05-29	2023-05-26	3
AIR.PA	2023-08-01	2023-08-02T06:00:00+00:00	2023-08-01	2023-07-31	1
AIR.PA	2024-01-02	2024-01-03T07:00:00+00:00	2024-01-02	2023-12-29	4
AIR.PA	2024-05-09	2024-05-10T06:00:00+00:00	2024-05-09	2024-05-08	1
AIR.PA	2024-05-20	2024-05-21T06:00:00+00:00	2024-05-20	2024-05-17	3
AIR.PA	2024-08-01	2024-08-02T06:00:00+00:00	2024-08-01	2024-07-31	1
AIR.PA	2025-01-02	2025-01-03T07:00:00+00:00	2025-01-02	2024-12-30	3
AIR.PA	2025-05-29	2025-05-30T06:00:00+00:00	2025-05-29	2025-05-28	1
AIR.PA	2025-06-09	2025-06-10T06:00:00+00:00	2025-06-09	2025-06-06	3
AIR.PA	2025-08-01	2025-08-04T06:00:00+00:00	2025-08-01	2025-07-31	1
AIR.PA	2026-01-02	2026-01-05T07:00:00+00:00	2026-01-02	2025-12-30	3
AIR.PA	2026-05-14	2026-05-15T06:00:00+00:00	2026-05-14	2026-05-13	1
AIR.PA	2026-05-25	2026-05-26T06:00:00+00:00	2026-05-25	2026-05-22	3
SU.PA	2023-01-02	2023-01-03T07:00:00+00:00	2023-01-02	2022-12-30	3
SU.PA	2023-05-18	2023-05-19T06:00:00+00:00	2023-05-18	2023-05-17	1
SU.PA	2023-05-29	2023-05-30T06:00:00+00:00	2023-05-29	2023-05-26	3
SU.PA	2023-08-01	2023-08-02T06:00:00+00:00	2023-08-01	2023-07-31	1
SU.PA	2024-01-02	2024-01-03T07:00:00+00:00	2024-01-02	2023-12-29	4
SU.PA	2024-05-09	2024-05-10T06:00:00+00:00	2024-05-09	2024-05-08	1
SU.PA	2024-05-20	2024-05-21T06:00:00+00:00	2024-05-20	2024-05-17	3
SU.PA	2024-08-01	2024-08-02T06:00:00+00:00	2024-08-01	2024-07-31	1
SU.PA	2025-01-02	2025-01-03T07:00:00+00:00	2025-01-02	2024-12-30	3
SU.PA	2025-05-29	2025-05-30T06:00:00+00:00	2025-05-29	2025-05-28	1
SU.PA	2025-06-09	2025-06-10T06:00:00+00:00	2025-06-09	2025-06-06	3
SU.PA	2025-08-01	2025-08-04T06:00:00+00:00	2025-08-01	2025-07-31	1
SU.PA	2026-01-02	2026-01-05T07:00:00+00:00	2026-01-02	2025-12-30	3
SU.PA	2026-05-14	2026-05-15T06:00:00+00:00	2026-05-14	2026-05-13	1
SU.PA	2026-05-25	2026-05-26T06:00:00+00:00	2026-05-25	2026-05-22	3
SAF.PA	2023-01-02	2023-01-03T07:00:00+00:00	2023-01-02	2022-12-30	3
SAF.PA	2023-05-18	2023-05-19T06:00:00+00:00	2023-05-18	2023-05-17	1
SAF.PA	2023-05-29	2023-05-30T06:00:00+00:00	2023-05-29	2023-05-26	3
SAF.PA	2023-08-01	2023-08-02T06:00:00+00:00	2023-08-01	2023-07-31	1
SAF.PA	2024-01-02	2024-01-03T07:00:00+00:00	2024-01-02	2023-12-29	4
SAF.PA	2024-05-09	2024-05-10T06:00:00+00:00	2024-05-09	2024-05-08	1
SAF.PA	2024-05-20	2024-05-21T06:00:00+00:00	2024-05-20	2024-05-17	3
SAF.PA	2024-08-01	2024-08-02T06:00:00+00:00	2024-08-01	2024-07-31	1
SAF.PA	2025-01-02	2025-01-03T07:00:00+00:00	2025-01-02	2024-12-30	3
SAF.PA	2025-05-29	2025-05-30T06:00:00+00:00	2025-05-29	2025-05-28	1
SAF.PA	2025-06-09	2025-06-10T06:00:00+00:00	2025-06-09	2025-06-06	3
SAF.PA	2025-08-01	2025-08-04T06:00:00+00:00	2025-08-01	2025-07-31	1
SAF.PA	2026-01-02	2026-01-05T07:00:00+00:00	2026-01-02	2025-12-30	3
SAF.PA	2026-05-14	2026-05-15T06:00:00+00:00	2026-05-14	2026-05-13	1
SAF.PA	2026-05-25	2026-05-26T06:00:00+00:00	2026-05-25	2026-05-22	3
TTE.PA	2023-01-02	2023-01-03T07:00:00+00:00	2023-01-02	2022-12-30	3
TTE.PA	2023-05-18	2023-05-19T06:00:00+00:00	2023-05-18	2023-05-17	1
TTE.PA	2023-05-29	2023-05-30T06:00:00+00:00	2023-05-29	2023-05-26	3
TTE.PA	2023-08-01	2023-08-02T06:00:00+00:00	2023-08-01	2023-07-31	1
TTE.PA	2024-01-02	2024-01-03T07:00:00+00:00	2024-01-02	2023-12-29	4
TTE.PA	2024-05-09	2024-05-10T06:00:00+00:00	2024-05-09	2024-05-08	1
TTE.PA	2024-05-20	2024-05-21T06:00:00+00:00	2024-05-20	2024-05-17	3
TTE.PA	2024-08-01	2024-08-02T06:00:00+00:00	2024-08-01	2024-07-31	1
TTE.PA	2025-01-02	2025-01-03T07:00:00+00:00	2025-01-02	2024-12-30	3
TTE.PA	2025-05-29	2025-05-30T06:00:00+00:00	2025-05-29	2025-05-28	1
TTE.PA	2025-06-09	2025-06-10T06:00:00+00:00	2025-06-09	2025-06-06	3
TTE.PA	2025-08-01	2025-08-04T06:00:00+00:00	2025-08-01	2025-07-31	1
TTE.PA	2026-01-02	2026-01-05T07:00:00+00:00	2026-01-02	2025-12-30	3
TTE.PA	2026-05-14	2026-05-15T06:00:00+00:00	2026-05-14	2026-05-13	1
TTE.PA	2026-05-25	2026-05-26T06:00:00+00:00	2026-05-25	2026-05-22	3
OR.PA	2023-01-02	2023-01-03T07:00:00+00:00	2023-01-02	2022-12-30	3
OR.PA	2023-05-18	2023-05-19T06:00:00+00:00	2023-05-18	2023-05-17	1
OR.PA	2023-05-29	2023-05-30T06:00:00+00:00	2023-05-29	2023-05-26	3
OR.PA	2023-08-01	2023-08-02T06:00:00+00:00	2023-08-01	2023-07-31	1
OR.PA	2024-01-02	2024-01-03T07:00:00+00:00	2024-01-02	2023-12-29	4
OR.PA	2024-05-09	2024-05-10T06:00:00+00:00	2024-05-09	2024-05-08	1
OR.PA	2024-05-20	2024-05-21T06:00:00+00:00	2024-05-20	2024-05-17	3
OR.PA	2024-08-01	2024-08-02T06:00:00+00:00	2024-08-01	2024-07-31	1
OR.PA	2025-01-02	2025-01-03T07:00:00+00:00	2025-01-02	2024-12-30	3
OR.PA	2025-05-29	2025-05-30T06:00:00+00:00	2025-05-29	2025-05-28	1
OR.PA	2025-06-09	2025-06-10T06:00:00+00:00	2025-06-09	2025-06-06	3
OR.PA	2025-08-01	2025-08-04T06:00:00+00:00	2025-08-01	2025-07-31	1
OR.PA	2026-01-02	2026-01-05T07:00:00+00:00	2026-01-02	2025-12-30	3
OR.PA	2026-05-14	2026-05-15T06:00:00+00:00	2026-05-14	2026-05-13	1
OR.PA	2026-05-25	2026-05-26T06:00:00+00:00	2026-05-25	2026-05-22	3
IBE.MC	2023-01-02	2023-01-03T07:00:00+00:00	2023-01-02	2022-12-30	3
IBE.MC	2023-05-18	2023-05-19T06:00:00+00:00	2023-05-18	2023-05-17	1
IBE.MC	2023-05-29	2023-05-30T06:00:00+00:00	2023-05-29	2023-05-26	3
IBE.MC	2023-08-01	2023-08-02T06:00:00+00:00	2023-08-01	2023-07-31	1
IBE.MC	2024-01-02	2024-01-03T07:00:00+00:00	2024-01-02	2023-12-29	4
IBE.MC	2024-05-09	2024-05-10T06:00:00+00:00	2024-05-09	2024-05-08	1
IBE.MC	2024-05-20	2024-05-21T06:00:00+00:00	2024-05-20	2024-05-17	3
IBE.MC	2024-08-01	2024-08-02T06:00:00+00:00	2024-08-01	2024-07-31	1
IBE.MC	2025-01-02	2025-01-03T07:00:00+00:00	2025-01-02	2024-12-30	3
IBE.MC	2025-05-29	2025-05-30T06:00:00+00:00	2025-05-29	2025-05-28	1
IBE.MC	2025-06-09	2025-06-10T06:00:00+00:00	2025-06-09	2025-06-06	3
IBE.MC	2025-08-01	2025-08-04T06:00:00+00:00	2025-08-01	2025-07-31	1
IBE.MC	2026-01-02	2026-01-05T07:00:00+00:00	2026-01-02	2025-12-30	3
IBE.MC	2026-05-14	2026-05-15T06:00:00+00:00	2026-05-14	2026-05-13	1
IBE.MC	2026-05-25	2026-05-26T06:00:00+00:00	2026-05-25	2026-05-22	3
ITX.MC	2023-01-02	2023-01-03T07:00:00+00:00	2023-01-02	2022-12-30	3
ITX.MC	2023-05-18	2023-05-19T06:00:00+00:00	2023-05-18	2023-05-17	1
ITX.MC	2023-05-29	2023-05-30T06:00:00+00:00	2023-05-29	2023-05-26	3
ITX.MC	2023-08-01	2023-08-02T06:00:00+00:00	2023-08-01	2023-07-31	1
ITX.MC	2024-01-02	2024-01-03T07:00:00+00:00	2024-01-02	2023-12-29	4
ITX.MC	2024-05-09	2024-05-10T06:00:00+00:00	2024-05-09	2024-05-08	1
ITX.MC	2024-05-20	2024-05-21T06:00:00+00:00	2024-05-20	2024-05-17	3
ITX.MC	2024-08-01	2024-08-02T06:00:00+00:00	2024-08-01	2024-07-31	1
ITX.MC	2025-01-02	2025-01-03T07:00:00+00:00	2025-01-02	2024-12-30	3
ITX.MC	2025-05-29	2025-05-30T06:00:00+00:00	2025-05-29	2025-05-28	1
ITX.MC	2025-06-09	2025-06-10T06:00:00+00:00	2025-06-09	2025-06-06	3
ITX.MC	2025-08-01	2025-08-04T06:00:00+00:00	2025-08-01	2025-07-31	1
ITX.MC	2026-01-02	2026-01-05T07:00:00+00:00	2026-01-02	2025-12-30	3
ITX.MC	2026-05-14	2026-05-15T06:00:00+00:00	2026-05-14	2026-05-13	1
ITX.MC	2026-05-25	2026-05-26T06:00:00+00:00	2026-05-25	2026-05-22	3
BBVA.MC	2023-01-02	2023-01-03T07:00:00+00:00	2023-01-02	2022-12-30	3
BBVA.MC	2023-05-18	2023-05-19T06:00:00+00:00	2023-05-18	2023-05-17	1
BBVA.MC	2023-05-29	2023-05-30T06:00:00+00:00	2023-05-29	2023-05-26	3
BBVA.MC	2023-08-01	2023-08-02T06:00:00+00:00	2023-08-01	2023-07-31	1
BBVA.MC	2024-01-02	2024-01-03T07:00:00+00:00	2024-01-02	2023-12-29	4
BBVA.MC	2024-05-09	2024-05-10T06:00:00+00:00	2024-05-09	2024-05-08	1
BBVA.MC	2024-05-20	2024-05-21T06:00:00+00:00	2024-05-20	2024-05-17	3
BBVA.MC	2024-08-01	2024-08-02T06:00:00+00:00	2024-08-01	2024-07-31	1
BBVA.MC	2025-01-02	2025-01-03T07:00:00+00:00	2025-01-02	2024-12-30	3
BBVA.MC	2025-05-29	2025-05-30T06:00:00+00:00	2025-05-29	2025-05-28	1
BBVA.MC	2025-06-09	2025-06-10T06:00:00+00:00	2025-06-09	2025-06-06	3
BBVA.MC	2025-08-01	2025-08-04T06:00:00+00:00	2025-08-01	2025-07-31	1
BBVA.MC	2026-01-02	2026-01-05T07:00:00+00:00	2026-01-02	2025-12-30	3
BBVA.MC	2026-05-14	2026-05-15T06:00:00+00:00	2026-05-14	2026-05-13	1
BBVA.MC	2026-05-25	2026-05-26T06:00:00+00:00	2026-05-25	2026-05-22	3
RACE.MI	2023-01-02	2023-01-03T07:00:00+00:00	2023-01-02	2022-12-30	3
RACE.MI	2023-05-18	2023-05-19T06:00:00+00:00	2023-05-18	2023-05-17	1
RACE.MI	2023-05-29	2023-05-30T06:00:00+00:00	2023-05-29	2023-05-26	3
RACE.MI	2023-08-01	2023-08-02T06:00:00+00:00	2023-08-01	2023-07-31	1
RACE.MI	2024-01-02	2024-01-03T07:00:00+00:00	2024-01-02	2023-12-29	4
RACE.MI	2024-05-09	2024-05-10T06:00:00+00:00	2024-05-09	2024-05-08	1
RACE.MI	2024-05-20	2024-05-21T06:00:00+00:00	2024-05-20	2024-05-17	3
RACE.MI	2024-08-01	2024-08-02T06:00:00+00:00	2024-08-01	2024-07-31	1
RACE.MI	2025-01-02	2025-01-03T07:00:00+00:00	2025-01-02	2024-12-30	3
RACE.MI	2025-05-29	2025-05-30T06:00:00+00:00	2025-05-29	2025-05-28	1
RACE.MI	2025-06-09	2025-06-10T06:00:00+00:00	2025-06-09	2025-06-06	3
RACE.MI	2025-08-01	2025-08-04T06:00:00+00:00	2025-08-01	2025-07-31	1
RACE.MI	2026-01-02	2026-01-05T07:00:00+00:00	2026-01-02	2025-12-30	3
RACE.MI	2026-05-14	2026-05-15T06:00:00+00:00	2026-05-14	2026-05-13	1
RACE.MI	2026-05-25	2026-05-26T06:00:00+00:00	2026-05-25	2026-05-22	3
ENI.MI	2023-01-02	2023-01-03T07:00:00+00:00	2023-01-02	2022-12-30	3
ENI.MI	2023-05-18	2023-05-19T06:00:00+00:00	2023-05-18	2023-05-17	1
ENI.MI	2023-05-29	2023-05-30T06:00:00+00:00	2023-05-29	2023-05-26	3
ENI.MI	2023-08-01	2023-08-02T06:00:00+00:00	2023-08-01	2023-07-31	1
ENI.MI	2024-01-02	2024-01-03T07:00:00+00:00	2024-01-02	2023-12-29	4
ENI.MI	2024-05-09	2024-05-10T06:00:00+00:00	2024-05-09	2024-05-08	1
ENI.MI	2024-05-20	2024-05-21T06:00:00+00:00	2024-05-20	2024-05-17	3
ENI.MI	2024-08-01	2024-08-02T06:00:00+00:00	2024-08-01	2024-07-31	1
ENI.MI	2025-01-02	2025-01-03T07:00:00+00:00	2025-01-02	2024-12-30	3
ENI.MI	2025-05-29	2025-05-30T06:00:00+00:00	2025-05-29	2025-05-28	1
ENI.MI	2025-06-09	2025-06-10T06:00:00+00:00	2025-06-09	2025-06-06	3
ENI.MI	2025-08-01	2025-08-04T06:00:00+00:00	2025-08-01	2025-07-31	1
ENI.MI	2026-01-02	2026-01-05T07:00:00+00:00	2026-01-02	2025-12-30	3
ENI.MI	2026-05-14	2026-05-15T06:00:00+00:00	2026-05-14	2026-05-13	1
ENI.MI	2026-05-25	2026-05-26T06:00:00+00:00	2026-05-25	2026-05-22	3
RRU.DE	2023-01-02	2023-01-03T07:00:00+00:00	2023-01-02	2022-12-30	3
RRU.DE	2023-05-18	2023-05-19T06:00:00+00:00	2023-05-18	2023-05-17	1
RRU.DE	2023-05-29	2023-05-30T06:00:00+00:00	2023-05-29	2023-05-26	3
RRU.DE	2023-08-01	2023-08-02T06:00:00+00:00	2023-08-01	2023-07-31	1
RRU.DE	2024-01-02	2024-01-03T07:00:00+00:00	2024-01-02	2023-12-29	4
RRU.DE	2024-05-09	2024-05-10T06:00:00+00:00	2024-05-09	2024-05-08	1
RRU.DE	2024-05-20	2024-05-21T06:00:00+00:00	2024-05-20	2024-05-17	3
RRU.DE	2024-08-01	2024-08-02T06:00:00+00:00	2024-08-01	2024-07-31	1
RRU.DE	2025-01-02	2025-01-03T07:00:00+00:00	2025-01-02	2024-12-30	3
RRU.DE	2025-05-29	2025-05-30T06:00:00+00:00	2025-05-29	2025-05-28	1
RRU.DE	2025-06-09	2025-06-10T06:00:00+00:00	2025-06-09	2025-06-06	3
RRU.DE	2025-08-01	2025-08-04T06:00:00+00:00	2025-08-01	2025-07-31	1
RRU.DE	2026-01-02	2026-01-05T07:00:00+00:00	2026-01-02	2025-12-30	3
RRU.DE	2026-05-14	2026-05-15T06:00:00+00:00	2026-05-14	2026-05-13	1
RRU.DE	2026-05-25	2026-05-26T06:00:00+00:00	2026-05-25	2026-05-22	3
BSP.DE	2023-01-02	2023-01-03T07:00:00+00:00	2023-01-02	2022-12-30	3
BSP.DE	2023-05-18	2023-05-19T06:00:00+00:00	2023-05-18	2023-05-17	1
BSP.DE	2023-05-29	2023-05-30T06:00:00+00:00	2023-05-29	2023-05-26	3
BSP.DE	2023-08-01	2023-08-02T06:00:00+00:00	2023-08-01	2023-07-31	1
BSP.DE	2024-01-02	2024-01-03T07:00:00+00:00	2024-01-02	2023-12-29	4
BSP.DE	2024-05-09	2024-05-10T06:00:00+00:00	2024-05-09	2024-05-08	1
BSP.DE	2024-05-20	2024-05-21T06:00:00+00:00	2024-05-20	2024-05-17	3
BSP.DE	2024-08-01	2024-08-02T06:00:00+00:00	2024-08-01	2024-07-31	1
BSP.DE	2025-01-02	2025-01-03T07:00:00+00:00	2025-01-02	2024-12-30	3
BSP.DE	2025-05-29	2025-05-30T06:00:00+00:00	2025-05-29	2025-05-28	1
BSP.DE	2025-06-09	2025-06-10T06:00:00+00:00	2025-06-09	2025-06-06	3
BSP.DE	2025-08-01	2025-08-04T06:00:00+00:00	2025-08-01	2025-07-31	1
BSP.DE	2026-01-02	2026-01-05T07:00:00+00:00	2026-01-02	2025-12-30	3
BSP.DE	2026-05-14	2026-05-15T06:00:00+00:00	2026-05-14	2026-05-13	1
BSP.DE	2026-05-25	2026-05-26T06:00:00+00:00	2026-05-25	2026-05-22	3
AZN	2022-12-30	2023-01-03T08:30:00+00:00	2023-01-02	2022-12-30	3
AZN	2023-05-18	2023-05-19T07:30:00+00:00	2023-05-18	2023-05-17	1
AZN	2023-05-26	2023-05-30T07:30:00+00:00	2023-05-29	2023-05-26	3
AZN	2023-08-01	2023-08-02T07:30:00+00:00	2023-08-01	2023-07-31	1
AZN	2024-01-02	2024-01-03T08:30:00+00:00	2024-01-02	2023-12-29	4
AZN	2024-05-09	2024-05-10T07:30:00+00:00	2024-05-09	2024-05-08	1
AZN	2024-05-20	2024-05-21T07:30:00+00:00	2024-05-20	2024-05-17	3
AZN	2024-08-01	2024-08-02T07:30:00+00:00	2024-08-01	2024-07-31	1
AZN	2025-01-02	2025-01-03T08:30:00+00:00	2025-01-02	2024-12-30	3
AZN	2025-05-29	2025-05-30T07:30:00+00:00	2025-05-29	2025-05-28	1
AZN	2025-06-09	2025-06-10T07:30:00+00:00	2025-06-09	2025-06-06	3
AZN	2025-08-01	2025-08-04T07:30:00+00:00	2025-08-01	2025-07-31	1
AZN	2026-01-02	2026-01-05T08:30:00+00:00	2026-01-02	2025-12-30	3
AZN	2026-05-14	2026-05-15T07:30:00+00:00	2026-05-14	2026-05-13	1
AZN	2026-05-22	2026-05-26T07:30:00+00:00	2026-05-25	2026-05-22	3
R6C0.DE	2023-01-02	2023-01-03T07:00:00+00:00	2023-01-02	2022-12-30	3
R6C0.DE	2023-05-18	2023-05-19T06:00:00+00:00	2023-05-18	2023-05-17	1
R6C0.DE	2023-05-29	2023-05-30T06:00:00+00:00	2023-05-29	2023-05-26	3
R6C0.DE	2023-08-01	2023-08-02T06:00:00+00:00	2023-08-01	2023-07-31	1
R6C0.DE	2024-01-02	2024-01-03T07:00:00+00:00	2024-01-02	2023-12-29	4
R6C0.DE	2024-05-09	2024-05-10T06:00:00+00:00	2024-05-09	2024-05-08	1
R6C0.DE	2024-05-20	2024-05-21T06:00:00+00:00	2024-05-20	2024-05-17	3
R6C0.DE	2024-08-01	2024-08-02T06:00:00+00:00	2024-08-01	2024-07-31	1
R6C0.DE	2025-01-02	2025-01-03T07:00:00+00:00	2025-01-02	2024-12-30	3
R6C0.DE	2025-05-29	2025-05-30T06:00:00+00:00	2025-05-29	2025-05-28	1
R6C0.DE	2025-06-09	2025-06-10T06:00:00+00:00	2025-06-09	2025-06-06	3
R6C0.DE	2025-08-01	2025-08-04T06:00:00+00:00	2025-08-01	2025-07-31	1
R6C0.DE	2026-01-02	2026-01-05T07:00:00+00:00	2026-01-02	2025-12-30	3
R6C0.DE	2026-05-14	2026-05-15T06:00:00+00:00	2026-05-14	2026-05-13	1
R6C0.DE	2026-05-25	2026-05-26T06:00:00+00:00	2026-05-25	2026-05-22	3
7203.T	2023-05-18	2023-05-18T20:00:00+00:00	2023-05-18	2023-05-17	1
7203.T	2023-05-29	2023-05-29T20:00:00+00:00	2023-05-29	2023-05-26	3
7203.T	2023-08-01	2023-08-01T20:00:00+00:00	2023-08-01	2023-07-31	1
7203.T	2024-05-09	2024-05-09T20:00:00+00:00	2024-05-09	2024-05-08	1
7203.T	2024-05-20	2024-05-20T20:00:00+00:00	2024-05-20	2024-05-17	3
7203.T	2024-08-01	2024-08-01T20:00:00+00:00	2024-08-01	2024-07-31	1
7203.T	2025-05-29	2025-05-29T20:00:00+00:00	2025-05-29	2025-05-28	1
7203.T	2025-06-09	2025-06-09T20:00:00+00:00	2025-06-09	2025-06-06	3
7203.T	2025-08-01	2025-08-01T20:00:00+00:00	2025-08-01	2025-07-31	1
7203.T	2025-12-30	2026-01-02T21:00:00+00:00	2026-01-02	2025-12-30	3
7203.T	2026-05-14	2026-05-14T20:00:00+00:00	2026-05-14	2026-05-13	1
7203.T	2026-05-25	2026-05-25T20:00:00+00:00	2026-05-25	2026-05-22	3
6758.T	2023-05-18	2023-05-18T20:00:00+00:00	2023-05-18	2023-05-17	1
6758.T	2023-05-29	2023-05-29T20:00:00+00:00	2023-05-29	2023-05-26	3
6758.T	2023-08-01	2023-08-01T20:00:00+00:00	2023-08-01	2023-07-31	1
6758.T	2024-05-09	2024-05-09T20:00:00+00:00	2024-05-09	2024-05-08	1
6758.T	2024-05-20	2024-05-20T20:00:00+00:00	2024-05-20	2024-05-17	3
6758.T	2024-08-01	2024-08-01T20:00:00+00:00	2024-08-01	2024-07-31	1
6758.T	2025-05-29	2025-05-29T20:00:00+00:00	2025-05-29	2025-05-28	1
6758.T	2025-06-09	2025-06-09T20:00:00+00:00	2025-06-09	2025-06-06	3
6758.T	2025-08-01	2025-08-01T20:00:00+00:00	2025-08-01	2025-07-31	1
6758.T	2025-12-30	2026-01-02T21:00:00+00:00	2026-01-02	2025-12-30	3
6758.T	2026-05-14	2026-05-14T20:00:00+00:00	2026-05-14	2026-05-13	1
6758.T	2026-05-25	2026-05-25T20:00:00+00:00	2026-05-25	2026-05-22	3
7011.T	2023-05-18	2023-05-18T20:00:00+00:00	2023-05-18	2023-05-17	1
7011.T	2023-05-29	2023-05-29T20:00:00+00:00	2023-05-29	2023-05-26	3
7011.T	2023-08-01	2023-08-01T20:00:00+00:00	2023-08-01	2023-07-31	1
7011.T	2024-05-09	2024-05-09T20:00:00+00:00	2024-05-09	2024-05-08	1
7011.T	2024-05-20	2024-05-20T20:00:00+00:00	2024-05-20	2024-05-17	3
7011.T	2024-08-01	2024-08-01T20:00:00+00:00	2024-08-01	2024-07-31	1
7011.T	2025-05-29	2025-05-29T20:00:00+00:00	2025-05-29	2025-05-28	1
7011.T	2025-06-09	2025-06-09T20:00:00+00:00	2025-06-09	2025-06-06	3
7011.T	2025-08-01	2025-08-01T20:00:00+00:00	2025-08-01	2025-07-31	1
7011.T	2025-12-30	2026-01-02T21:00:00+00:00	2026-01-02	2025-12-30	3
7011.T	2026-05-14	2026-05-14T20:00:00+00:00	2026-05-14	2026-05-13	1
7011.T	2026-05-25	2026-05-25T20:00:00+00:00	2026-05-25	2026-05-22	3
6501.T	2023-05-18	2023-05-18T20:00:00+00:00	2023-05-18	2023-05-17	1
6501.T	2023-05-29	2023-05-29T20:00:00+00:00	2023-05-29	2023-05-26	3
6501.T	2023-08-01	2023-08-01T20:00:00+00:00	2023-08-01	2023-07-31	1
6501.T	2024-05-09	2024-05-09T20:00:00+00:00	2024-05-09	2024-05-08	1
6501.T	2024-05-20	2024-05-20T20:00:00+00:00	2024-05-20	2024-05-17	3
6501.T	2024-08-01	2024-08-01T20:00:00+00:00	2024-08-01	2024-07-31	1
6501.T	2025-05-29	2025-05-29T20:00:00+00:00	2025-05-29	2025-05-28	1
6501.T	2025-06-09	2025-06-09T20:00:00+00:00	2025-06-09	2025-06-06	3
6501.T	2025-08-01	2025-08-01T20:00:00+00:00	2025-08-01	2025-07-31	1
6501.T	2025-12-30	2026-01-02T21:00:00+00:00	2026-01-02	2025-12-30	3
6501.T	2026-05-14	2026-05-14T20:00:00+00:00	2026-05-14	2026-05-13	1
6501.T	2026-05-25	2026-05-25T20:00:00+00:00	2026-05-25	2026-05-22	3
6857.T	2023-05-18	2023-05-18T20:00:00+00:00	2023-05-18	2023-05-17	1
6857.T	2023-05-29	2023-05-29T20:00:00+00:00	2023-05-29	2023-05-26	3
6857.T	2023-08-01	2023-08-01T20:00:00+00:00	2023-08-01	2023-07-31	1
6857.T	2024-05-09	2024-05-09T20:00:00+00:00	2024-05-09	2024-05-08	1
6857.T	2024-05-20	2024-05-20T20:00:00+00:00	2024-05-20	2024-05-17	3
6857.T	2024-08-01	2024-08-01T20:00:00+00:00	2024-08-01	2024-07-31	1
6857.T	2025-05-29	2025-05-29T20:00:00+00:00	2025-05-29	2025-05-28	1
6857.T	2025-06-09	2025-06-09T20:00:00+00:00	2025-06-09	2025-06-06	3
6857.T	2025-08-01	2025-08-01T20:00:00+00:00	2025-08-01	2025-07-31	1
6857.T	2025-12-30	2026-01-02T21:00:00+00:00	2026-01-02	2025-12-30	3
6857.T	2026-05-14	2026-05-14T20:00:00+00:00	2026-05-14	2026-05-13	1
6857.T	2026-05-25	2026-05-25T20:00:00+00:00	2026-05-25	2026-05-22	3
8035.T	2023-05-18	2023-05-18T20:00:00+00:00	2023-05-18	2023-05-17	1
8035.T	2023-05-29	2023-05-29T20:00:00+00:00	2023-05-29	2023-05-26	3
8035.T	2023-08-01	2023-08-01T20:00:00+00:00	2023-08-01	2023-07-31	1
8035.T	2024-05-09	2024-05-09T20:00:00+00:00	2024-05-09	2024-05-08	1
8035.T	2024-05-20	2024-05-20T20:00:00+00:00	2024-05-20	2024-05-17	3
8035.T	2024-08-01	2024-08-01T20:00:00+00:00	2024-08-01	2024-07-31	1
8035.T	2025-05-29	2025-05-29T20:00:00+00:00	2025-05-29	2025-05-28	1
8035.T	2025-06-09	2025-06-09T20:00:00+00:00	2025-06-09	2025-06-06	3
8035.T	2025-08-01	2025-08-01T20:00:00+00:00	2025-08-01	2025-07-31	1
8035.T	2025-12-30	2026-01-02T21:00:00+00:00	2026-01-02	2025-12-30	3
8035.T	2026-05-14	2026-05-14T20:00:00+00:00	2026-05-14	2026-05-13	1
8035.T	2026-05-25	2026-05-25T20:00:00+00:00	2026-05-25	2026-05-22	3
TSM	2022-12-30	2023-01-03T08:30:00+00:00	2023-01-02	2022-12-30	3
TSM	2023-05-18	2023-05-19T07:30:00+00:00	2023-05-18	2023-05-17	1
TSM	2023-05-26	2023-05-30T07:30:00+00:00	2023-05-29	2023-05-26	3
TSM	2023-08-01	2023-08-02T07:30:00+00:00	2023-08-01	2023-07-31	1
TSM	2024-01-02	2024-01-03T08:30:00+00:00	2024-01-02	2023-12-29	4
TSM	2024-05-09	2024-05-10T07:30:00+00:00	2024-05-09	2024-05-08	1
TSM	2024-05-20	2024-05-21T07:30:00+00:00	2024-05-20	2024-05-17	3
TSM	2024-08-01	2024-08-02T07:30:00+00:00	2024-08-01	2024-07-31	1
TSM	2025-01-02	2025-01-03T08:30:00+00:00	2025-01-02	2024-12-30	3
TSM	2025-05-29	2025-05-30T07:30:00+00:00	2025-05-29	2025-05-28	1
TSM	2025-06-09	2025-06-10T07:30:00+00:00	2025-06-09	2025-06-06	3
TSM	2025-08-01	2025-08-04T07:30:00+00:00	2025-08-01	2025-07-31	1
TSM	2026-01-02	2026-01-05T08:30:00+00:00	2026-01-02	2025-12-30	3
TSM	2026-05-14	2026-05-15T07:30:00+00:00	2026-05-14	2026-05-13	1
TSM	2026-05-22	2026-05-26T07:30:00+00:00	2026-05-25	2026-05-22	3
0700.HK	2022-12-30	2023-01-02T21:00:00+00:00	2023-01-02	2022-12-30	3
0700.HK	2023-05-18	2023-05-18T20:00:00+00:00	2023-05-18	2023-05-17	1
0700.HK	2023-05-29	2023-05-29T20:00:00+00:00	2023-05-29	2023-05-26	3
0700.HK	2023-08-01	2023-08-01T20:00:00+00:00	2023-08-01	2023-07-31	1
0700.HK	2024-01-02	2024-01-02T21:00:00+00:00	2024-01-02	2023-12-29	4
0700.HK	2024-05-09	2024-05-09T20:00:00+00:00	2024-05-09	2024-05-08	1
0700.HK	2024-05-20	2024-05-20T20:00:00+00:00	2024-05-20	2024-05-17	3
0700.HK	2024-08-01	2024-08-01T20:00:00+00:00	2024-08-01	2024-07-31	1
0700.HK	2025-01-02	2025-01-02T21:00:00+00:00	2025-01-02	2024-12-30	3
0700.HK	2025-05-29	2025-05-29T20:00:00+00:00	2025-05-29	2025-05-28	1
0700.HK	2025-06-09	2025-06-09T20:00:00+00:00	2025-06-09	2025-06-06	3
0700.HK	2025-08-01	2025-08-01T20:00:00+00:00	2025-08-01	2025-07-31	1
0700.HK	2026-01-02	2026-01-02T21:00:00+00:00	2026-01-02	2025-12-30	3
0700.HK	2026-05-14	2026-05-14T20:00:00+00:00	2026-05-14	2026-05-13	1
0700.HK	2026-05-22	2026-05-25T20:00:00+00:00	2026-05-25	2026-05-22	3
9988.HK	2022-12-30	2023-01-02T21:00:00+00:00	2023-01-02	2022-12-30	3
9988.HK	2023-05-18	2023-05-18T20:00:00+00:00	2023-05-18	2023-05-17	1
9988.HK	2023-05-29	2023-05-29T20:00:00+00:00	2023-05-29	2023-05-26	3
9988.HK	2023-08-01	2023-08-01T20:00:00+00:00	2023-08-01	2023-07-31	1
9988.HK	2024-01-02	2024-01-02T21:00:00+00:00	2024-01-02	2023-12-29	4
9988.HK	2024-05-09	2024-05-09T20:00:00+00:00	2024-05-09	2024-05-08	1
9988.HK	2024-05-20	2024-05-20T20:00:00+00:00	2024-05-20	2024-05-17	3
9988.HK	2024-08-01	2024-08-01T20:00:00+00:00	2024-08-01	2024-07-31	1
9988.HK	2025-01-02	2025-01-02T21:00:00+00:00	2025-01-02	2024-12-30	3
9988.HK	2025-05-29	2025-05-29T20:00:00+00:00	2025-05-29	2025-05-28	1
9988.HK	2025-06-09	2025-06-09T20:00:00+00:00	2025-06-09	2025-06-06	3
9988.HK	2025-08-01	2025-08-01T20:00:00+00:00	2025-08-01	2025-07-31	1
9988.HK	2026-01-02	2026-01-02T21:00:00+00:00	2026-01-02	2025-12-30	3
9988.HK	2026-05-14	2026-05-14T20:00:00+00:00	2026-05-14	2026-05-13	1
9988.HK	2026-05-22	2026-05-25T20:00:00+00:00	2026-05-25	2026-05-22	3
1810.HK	2022-12-30	2023-01-02T21:00:00+00:00	2023-01-02	2022-12-30	3
1810.HK	2023-05-18	2023-05-18T20:00:00+00:00	2023-05-18	2023-05-17	1
1810.HK	2023-05-29	2023-05-29T20:00:00+00:00	2023-05-29	2023-05-26	3
1810.HK	2023-08-01	2023-08-01T20:00:00+00:00	2023-08-01	2023-07-31	1
1810.HK	2024-01-02	2024-01-02T21:00:00+00:00	2024-01-02	2023-12-29	4
1810.HK	2024-05-09	2024-05-09T20:00:00+00:00	2024-05-09	2024-05-08	1
1810.HK	2024-05-20	2024-05-20T20:00:00+00:00	2024-05-20	2024-05-17	3
1810.HK	2024-08-01	2024-08-01T20:00:00+00:00	2024-08-01	2024-07-31	1
1810.HK	2025-01-02	2025-01-02T21:00:00+00:00	2025-01-02	2024-12-30	3
1810.HK	2025-05-29	2025-05-29T20:00:00+00:00	2025-05-29	2025-05-28	1
1810.HK	2025-06-09	2025-06-09T20:00:00+00:00	2025-06-09	2025-06-06	3
1810.HK	2025-08-01	2025-08-01T20:00:00+00:00	2025-08-01	2025-07-31	1
1810.HK	2026-01-02	2026-01-02T21:00:00+00:00	2026-01-02	2025-12-30	3
1810.HK	2026-05-14	2026-05-14T20:00:00+00:00	2026-05-14	2026-05-13	1
1810.HK	2026-05-22	2026-05-25T20:00:00+00:00	2026-05-25	2026-05-22	3
INFY	2022-12-30	2023-01-03T08:30:00+00:00	2023-01-02	2022-12-30	3
INFY	2023-05-18	2023-05-19T07:30:00+00:00	2023-05-18	2023-05-17	1
INFY	2023-05-26	2023-05-30T07:30:00+00:00	2023-05-29	2023-05-26	3
INFY	2023-08-01	2023-08-02T07:30:00+00:00	2023-08-01	2023-07-31	1
INFY	2024-01-02	2024-01-03T08:30:00+00:00	2024-01-02	2023-12-29	4
INFY	2024-05-09	2024-05-10T07:30:00+00:00	2024-05-09	2024-05-08	1
INFY	2024-05-20	2024-05-21T07:30:00+00:00	2024-05-20	2024-05-17	3
INFY	2024-08-01	2024-08-02T07:30:00+00:00	2024-08-01	2024-07-31	1
INFY	2025-01-02	2025-01-03T08:30:00+00:00	2025-01-02	2024-12-30	3
INFY	2025-05-29	2025-05-30T07:30:00+00:00	2025-05-29	2025-05-28	1
INFY	2025-06-09	2025-06-10T07:30:00+00:00	2025-06-09	2025-06-06	3
INFY	2025-08-01	2025-08-04T07:30:00+00:00	2025-08-01	2025-07-31	1
INFY	2026-01-02	2026-01-05T08:30:00+00:00	2026-01-02	2025-12-30	3
INFY	2026-05-14	2026-05-15T07:30:00+00:00	2026-05-14	2026-05-13	1
INFY	2026-05-22	2026-05-26T07:30:00+00:00	2026-05-25	2026-05-22	3
EUNL.DE	2023-01-02	2023-01-03T07:00:00+00:00	2023-01-02	2022-12-30	3
EUNL.DE	2023-05-18	2023-05-19T06:00:00+00:00	2023-05-18	2023-05-17	1
EUNL.DE	2023-05-29	2023-05-30T06:00:00+00:00	2023-05-29	2023-05-26	3
EUNL.DE	2023-08-01	2023-08-02T06:00:00+00:00	2023-08-01	2023-07-31	1
EUNL.DE	2024-01-02	2024-01-03T07:00:00+00:00	2024-01-02	2023-12-29	4
EUNL.DE	2024-05-09	2024-05-10T06:00:00+00:00	2024-05-09	2024-05-08	1
EUNL.DE	2024-05-20	2024-05-21T06:00:00+00:00	2024-05-20	2024-05-17	3
EUNL.DE	2024-08-01	2024-08-02T06:00:00+00:00	2024-08-01	2024-07-31	1
EUNL.DE	2025-01-02	2025-01-03T07:00:00+00:00	2025-01-02	2024-12-30	3
EUNL.DE	2025-05-29	2025-05-30T06:00:00+00:00	2025-05-29	2025-05-28	1
EUNL.DE	2025-06-09	2025-06-10T06:00:00+00:00	2025-06-09	2025-06-06	3
EUNL.DE	2025-08-01	2025-08-04T06:00:00+00:00	2025-08-01	2025-07-31	1
EUNL.DE	2026-01-02	2026-01-05T07:00:00+00:00	2026-01-02	2025-12-30	3
EUNL.DE	2026-05-14	2026-05-15T06:00:00+00:00	2026-05-14	2026-05-13	1
EUNL.DE	2026-05-25	2026-05-26T06:00:00+00:00	2026-05-25	2026-05-22	3
SXR8.DE	2023-01-02	2023-01-03T07:00:00+00:00	2023-01-02	2022-12-30	3
SXR8.DE	2023-05-18	2023-05-19T06:00:00+00:00	2023-05-18	2023-05-17	1
SXR8.DE	2023-05-29	2023-05-30T06:00:00+00:00	2023-05-29	2023-05-26	3
SXR8.DE	2023-08-01	2023-08-02T06:00:00+00:00	2023-08-01	2023-07-31	1
SXR8.DE	2024-01-02	2024-01-03T07:00:00+00:00	2024-01-02	2023-12-29	4
SXR8.DE	2024-05-09	2024-05-10T06:00:00+00:00	2024-05-09	2024-05-08	1
SXR8.DE	2024-05-20	2024-05-21T06:00:00+00:00	2024-05-20	2024-05-17	3
SXR8.DE	2024-08-01	2024-08-02T06:00:00+00:00	2024-08-01	2024-07-31	1
SXR8.DE	2025-01-02	2025-01-03T07:00:00+00:00	2025-01-02	2024-12-30	3
SXR8.DE	2025-05-29	2025-05-30T06:00:00+00:00	2025-05-29	2025-05-28	1
SXR8.DE	2025-06-09	2025-06-10T06:00:00+00:00	2025-06-09	2025-06-06	3
SXR8.DE	2025-08-01	2025-08-04T06:00:00+00:00	2025-08-01	2025-07-31	1
SXR8.DE	2026-01-02	2026-01-05T07:00:00+00:00	2026-01-02	2025-12-30	3
SXR8.DE	2026-05-14	2026-05-15T06:00:00+00:00	2026-05-14	2026-05-13	1
SXR8.DE	2026-05-25	2026-05-26T06:00:00+00:00	2026-05-25	2026-05-22	3
EQQQ.DE	2023-01-02	2023-01-03T07:00:00+00:00	2023-01-02	2022-12-30	3
EQQQ.DE	2023-05-18	2023-05-19T06:00:00+00:00	2023-05-18	2023-05-17	1
EQQQ.DE	2023-05-29	2023-05-30T06:00:00+00:00	2023-05-29	2023-05-26	3
EQQQ.DE	2023-08-01	2023-08-02T06:00:00+00:00	2023-08-01	2023-07-31	1
EQQQ.DE	2024-01-02	2024-01-03T07:00:00+00:00	2024-01-02	2023-12-29	4
EQQQ.DE	2024-05-09	2024-05-10T06:00:00+00:00	2024-05-09	2024-05-08	1
EQQQ.DE	2024-05-20	2024-05-21T06:00:00+00:00	2024-05-20	2024-05-17	3
EQQQ.DE	2024-08-01	2024-08-02T06:00:00+00:00	2024-08-01	2024-07-31	1
EQQQ.DE	2025-01-02	2025-01-03T07:00:00+00:00	2025-01-02	2024-12-30	3
EQQQ.DE	2025-05-29	2025-05-30T06:00:00+00:00	2025-05-29	2025-05-28	1
EQQQ.DE	2025-06-09	2025-06-10T06:00:00+00:00	2025-06-09	2025-06-06	3
EQQQ.DE	2025-08-01	2025-08-04T06:00:00+00:00	2025-08-01	2025-07-31	1
EQQQ.DE	2026-01-02	2026-01-05T07:00:00+00:00	2026-01-02	2025-12-30	3
EQQQ.DE	2026-05-14	2026-05-15T06:00:00+00:00	2026-05-14	2026-05-13	1
EQQQ.DE	2026-05-25	2026-05-26T06:00:00+00:00	2026-05-25	2026-05-22	3
EXSA.DE	2023-01-02	2023-01-03T07:00:00+00:00	2023-01-02	2022-12-30	3
EXSA.DE	2023-05-18	2023-05-19T06:00:00+00:00	2023-05-18	2023-05-17	1
EXSA.DE	2023-05-29	2023-05-30T06:00:00+00:00	2023-05-29	2023-05-26	3
EXSA.DE	2023-08-01	2023-08-02T06:00:00+00:00	2023-08-01	2023-07-31	1
EXSA.DE	2024-01-02	2024-01-03T07:00:00+00:00	2024-01-02	2023-12-29	4
EXSA.DE	2024-05-09	2024-05-10T06:00:00+00:00	2024-05-09	2024-05-08	1
EXSA.DE	2024-05-20	2024-05-21T06:00:00+00:00	2024-05-20	2024-05-17	3
EXSA.DE	2024-08-01	2024-08-02T06:00:00+00:00	2024-08-01	2024-07-31	1
EXSA.DE	2025-01-02	2025-01-03T07:00:00+00:00	2025-01-02	2024-12-30	3
EXSA.DE	2025-05-29	2025-05-30T06:00:00+00:00	2025-05-29	2025-05-28	1
EXSA.DE	2025-06-09	2025-06-10T06:00:00+00:00	2025-06-09	2025-06-06	3
EXSA.DE	2025-08-01	2025-08-04T06:00:00+00:00	2025-08-01	2025-07-31	1
EXSA.DE	2026-01-02	2026-01-05T07:00:00+00:00	2026-01-02	2025-12-30	3
EXSA.DE	2026-05-14	2026-05-15T06:00:00+00:00	2026-05-14	2026-05-13	1
EXSA.DE	2026-05-25	2026-05-26T06:00:00+00:00	2026-05-25	2026-05-22	3
IS3N.DE	2023-01-02	2023-01-03T07:00:00+00:00	2023-01-02	2022-12-30	3
IS3N.DE	2023-05-18	2023-05-19T06:00:00+00:00	2023-05-18	2023-05-17	1
IS3N.DE	2023-05-29	2023-05-30T06:00:00+00:00	2023-05-29	2023-05-26	3
IS3N.DE	2023-08-01	2023-08-02T06:00:00+00:00	2023-08-01	2023-07-31	1
IS3N.DE	2024-01-02	2024-01-03T07:00:00+00:00	2024-01-02	2023-12-29	4
IS3N.DE	2024-05-09	2024-05-10T06:00:00+00:00	2024-05-09	2024-05-08	1
IS3N.DE	2024-05-20	2024-05-21T06:00:00+00:00	2024-05-20	2024-05-17	3
IS3N.DE	2024-08-01	2024-08-02T06:00:00+00:00	2024-08-01	2024-07-31	1
IS3N.DE	2025-01-02	2025-01-03T07:00:00+00:00	2025-01-02	2024-12-30	3
IS3N.DE	2025-05-29	2025-05-30T06:00:00+00:00	2025-05-29	2025-05-28	1
IS3N.DE	2025-06-09	2025-06-10T06:00:00+00:00	2025-06-09	2025-06-06	3
IS3N.DE	2025-08-01	2025-08-04T06:00:00+00:00	2025-08-01	2025-07-31	1
IS3N.DE	2026-01-02	2026-01-05T07:00:00+00:00	2026-01-02	2025-12-30	3
IS3N.DE	2026-05-14	2026-05-15T06:00:00+00:00	2026-05-14	2026-05-13	1
IS3N.DE	2026-05-25	2026-05-26T06:00:00+00:00	2026-05-25	2026-05-22	3
EUNN.DE	2023-01-02	2023-01-03T07:00:00+00:00	2023-01-02	2022-12-30	3
EUNN.DE	2023-05-18	2023-05-19T06:00:00+00:00	2023-05-18	2023-05-17	1
EUNN.DE	2023-05-29	2023-05-30T06:00:00+00:00	2023-05-29	2023-05-26	3
EUNN.DE	2023-08-01	2023-08-02T06:00:00+00:00	2023-08-01	2023-07-31	1
EUNN.DE	2024-01-02	2024-01-03T07:00:00+00:00	2024-01-02	2023-12-29	4
EUNN.DE	2024-05-09	2024-05-10T06:00:00+00:00	2024-05-09	2024-05-08	1
EUNN.DE	2024-05-20	2024-05-21T06:00:00+00:00	2024-05-20	2024-05-17	3
EUNN.DE	2024-08-01	2024-08-02T06:00:00+00:00	2024-08-01	2024-07-31	1
EUNN.DE	2025-01-02	2025-01-03T07:00:00+00:00	2025-01-02	2024-12-30	3
EUNN.DE	2025-05-29	2025-05-30T06:00:00+00:00	2025-05-29	2025-05-28	1
EUNN.DE	2025-06-09	2025-06-10T06:00:00+00:00	2025-06-09	2025-06-06	3
EUNN.DE	2025-08-01	2025-08-04T06:00:00+00:00	2025-08-01	2025-07-31	1
EUNN.DE	2026-01-02	2026-01-05T07:00:00+00:00	2026-01-02	2025-12-30	3
EUNN.DE	2026-05-14	2026-05-15T06:00:00+00:00	2026-05-14	2026-05-13	1
EUNN.DE	2026-05-25	2026-05-26T06:00:00+00:00	2026-05-25	2026-05-22	3
ICGA.DE	2023-01-02	2023-01-03T07:00:00+00:00	2023-01-02	2022-12-30	3
ICGA.DE	2023-05-18	2023-05-19T06:00:00+00:00	2023-05-18	2023-05-17	1
ICGA.DE	2023-05-29	2023-05-30T06:00:00+00:00	2023-05-29	2023-05-26	3
ICGA.DE	2023-08-01	2023-08-02T06:00:00+00:00	2023-08-01	2023-07-31	1
ICGA.DE	2024-01-02	2024-01-03T07:00:00+00:00	2024-01-02	2023-12-29	4
ICGA.DE	2024-05-09	2024-05-10T06:00:00+00:00	2024-05-09	2024-05-08	1
ICGA.DE	2024-05-20	2024-05-21T06:00:00+00:00	2024-05-20	2024-05-17	3
ICGA.DE	2024-08-01	2024-08-02T06:00:00+00:00	2024-08-01	2024-07-31	1
ICGA.DE	2025-01-02	2025-01-03T07:00:00+00:00	2025-01-02	2024-12-30	3
ICGA.DE	2025-05-29	2025-05-30T06:00:00+00:00	2025-05-29	2025-05-28	1
ICGA.DE	2025-06-09	2025-06-10T06:00:00+00:00	2025-06-09	2025-06-06	3
ICGA.DE	2025-08-01	2025-08-04T06:00:00+00:00	2025-08-01	2025-07-31	1
ICGA.DE	2026-01-02	2026-01-05T07:00:00+00:00	2026-01-02	2025-12-30	3
ICGA.DE	2026-05-14	2026-05-15T06:00:00+00:00	2026-05-14	2026-05-13	1
ICGA.DE	2026-05-25	2026-05-26T06:00:00+00:00	2026-05-25	2026-05-22	3
QDV5.DE	2023-01-02	2023-01-03T07:00:00+00:00	2023-01-02	2022-12-30	3
QDV5.DE	2023-05-18	2023-05-19T06:00:00+00:00	2023-05-18	2023-05-17	1
QDV5.DE	2023-05-29	2023-05-30T06:00:00+00:00	2023-05-29	2023-05-26	3
QDV5.DE	2023-08-01	2023-08-02T06:00:00+00:00	2023-08-01	2023-07-31	1
QDV5.DE	2024-01-02	2024-01-03T07:00:00+00:00	2024-01-02	2023-12-29	4
QDV5.DE	2024-05-09	2024-05-10T06:00:00+00:00	2024-05-09	2024-05-08	1
QDV5.DE	2024-05-20	2024-05-21T06:00:00+00:00	2024-05-20	2024-05-17	3
QDV5.DE	2024-08-01	2024-08-02T06:00:00+00:00	2024-08-01	2024-07-31	1
QDV5.DE	2025-01-02	2025-01-03T07:00:00+00:00	2025-01-02	2024-12-30	3
QDV5.DE	2025-05-29	2025-05-30T06:00:00+00:00	2025-05-29	2025-05-28	1
QDV5.DE	2025-06-09	2025-06-10T06:00:00+00:00	2025-06-09	2025-06-06	3
QDV5.DE	2025-08-01	2025-08-04T06:00:00+00:00	2025-08-01	2025-07-31	1
QDV5.DE	2026-01-02	2026-01-05T07:00:00+00:00	2026-01-02	2025-12-30	3
QDV5.DE	2026-05-14	2026-05-15T06:00:00+00:00	2026-05-14	2026-05-13	1
QDV5.DE	2026-05-25	2026-05-26T06:00:00+00:00	2026-05-25	2026-05-22	3
IQQT.DE	2023-01-02	2023-01-03T07:00:00+00:00	2023-01-02	2022-12-30	3
IQQT.DE	2023-05-18	2023-05-19T06:00:00+00:00	2023-05-18	2023-05-17	1
IQQT.DE	2023-05-29	2023-05-30T06:00:00+00:00	2023-05-29	2023-05-26	3
IQQT.DE	2023-08-01	2023-08-02T06:00:00+00:00	2023-08-01	2023-07-31	1
IQQT.DE	2024-01-02	2024-01-03T07:00:00+00:00	2024-01-02	2023-12-29	4
IQQT.DE	2024-05-09	2024-05-10T06:00:00+00:00	2024-05-09	2024-05-08	1
IQQT.DE	2024-05-20	2024-05-21T06:00:00+00:00	2024-05-20	2024-05-17	3
IQQT.DE	2024-08-01	2024-08-02T06:00:00+00:00	2024-08-01	2024-07-31	1
IQQT.DE	2025-01-02	2025-01-03T07:00:00+00:00	2025-01-02	2024-12-30	3
IQQT.DE	2025-05-29	2025-05-30T06:00:00+00:00	2025-05-29	2025-05-28	1
IQQT.DE	2025-06-09	2025-06-10T06:00:00+00:00	2025-06-09	2025-06-06	3
IQQT.DE	2025-08-01	2025-08-04T06:00:00+00:00	2025-08-01	2025-07-31	1
IQQT.DE	2026-01-02	2026-01-05T07:00:00+00:00	2026-01-02	2025-12-30	3
IQQT.DE	2026-05-14	2026-05-15T06:00:00+00:00	2026-05-14	2026-05-13	1
IQQT.DE	2026-05-25	2026-05-26T06:00:00+00:00	2026-05-25	2026-05-22	3
IQQK.DE	2023-01-02	2023-01-03T07:00:00+00:00	2023-01-02	2022-12-30	3
IQQK.DE	2023-05-18	2023-05-19T06:00:00+00:00	2023-05-18	2023-05-17	1
IQQK.DE	2023-05-29	2023-05-30T06:00:00+00:00	2023-05-29	2023-05-26	3
IQQK.DE	2023-08-01	2023-08-02T06:00:00+00:00	2023-08-01	2023-07-31	1
IQQK.DE	2024-01-02	2024-01-03T07:00:00+00:00	2024-01-02	2023-12-29	4
IQQK.DE	2024-05-09	2024-05-10T06:00:00+00:00	2024-05-09	2024-05-08	1
IQQK.DE	2024-05-20	2024-05-21T06:00:00+00:00	2024-05-20	2024-05-17	3
IQQK.DE	2024-08-01	2024-08-02T06:00:00+00:00	2024-08-01	2024-07-31	1
IQQK.DE	2025-01-02	2025-01-03T07:00:00+00:00	2025-01-02	2024-12-30	3
IQQK.DE	2025-05-29	2025-05-30T06:00:00+00:00	2025-05-29	2025-05-28	1
IQQK.DE	2025-06-09	2025-06-10T06:00:00+00:00	2025-06-09	2025-06-06	3
IQQK.DE	2025-08-01	2025-08-04T06:00:00+00:00	2025-08-01	2025-07-31	1
IQQK.DE	2026-01-02	2026-01-05T07:00:00+00:00	2026-01-02	2025-12-30	3
IQQK.DE	2026-05-14	2026-05-15T06:00:00+00:00	2026-05-14	2026-05-13	1
IQQK.DE	2026-05-25	2026-05-26T06:00:00+00:00	2026-05-25	2026-05-22	3
VVSM.DE	2023-01-02	2023-01-03T07:00:00+00:00	2023-01-02	2022-12-30	3
VVSM.DE	2023-05-18	2023-05-19T06:00:00+00:00	2023-05-18	2023-05-17	1
VVSM.DE	2023-05-29	2023-05-30T06:00:00+00:00	2023-05-29	2023-05-26	3
VVSM.DE	2023-08-01	2023-08-02T06:00:00+00:00	2023-08-01	2023-07-31	1
VVSM.DE	2024-01-02	2024-01-03T07:00:00+00:00	2024-01-02	2023-12-29	4
VVSM.DE	2024-05-09	2024-05-10T06:00:00+00:00	2024-05-09	2024-05-08	1
VVSM.DE	2024-05-20	2024-05-21T06:00:00+00:00	2024-05-20	2024-05-17	3
VVSM.DE	2024-08-01	2024-08-02T06:00:00+00:00	2024-08-01	2024-07-31	1
VVSM.DE	2025-01-02	2025-01-03T07:00:00+00:00	2025-01-02	2024-12-30	3
VVSM.DE	2025-05-29	2025-05-30T06:00:00+00:00	2025-05-29	2025-05-28	1
VVSM.DE	2025-06-09	2025-06-10T06:00:00+00:00	2025-06-09	2025-06-06	3
VVSM.DE	2025-08-01	2025-08-04T06:00:00+00:00	2025-08-01	2025-07-31	1
VVSM.DE	2026-01-02	2026-01-05T07:00:00+00:00	2026-01-02	2025-12-30	3
VVSM.DE	2026-05-14	2026-05-15T06:00:00+00:00	2026-05-14	2026-05-13	1
VVSM.DE	2026-05-25	2026-05-26T06:00:00+00:00	2026-05-25	2026-05-22	3
Q8Y0.DE	2026-01-02	2026-01-05T07:00:00+00:00	2026-01-02	2025-12-30	3
Q8Y0.DE	2026-05-14	2026-05-15T06:00:00+00:00	2026-05-14	2026-05-13	1
Q8Y0.DE	2026-05-25	2026-05-26T06:00:00+00:00	2026-05-25	2026-05-22	3
EUNH.DE	2023-01-02	2023-01-03T07:00:00+00:00	2023-01-02	2022-12-30	3
EUNH.DE	2023-05-18	2023-05-19T06:00:00+00:00	2023-05-18	2023-05-17	1
EUNH.DE	2023-05-29	2023-05-30T06:00:00+00:00	2023-05-29	2023-05-26	3
EUNH.DE	2023-08-01	2023-08-02T06:00:00+00:00	2023-08-01	2023-07-31	1
EUNH.DE	2024-01-02	2024-01-03T07:00:00+00:00	2024-01-02	2023-12-29	4
EUNH.DE	2024-05-09	2024-05-10T06:00:00+00:00	2024-05-09	2024-05-08	1
EUNH.DE	2024-05-20	2024-05-21T06:00:00+00:00	2024-05-20	2024-05-17	3
EUNH.DE	2024-08-01	2024-08-02T06:00:00+00:00	2024-08-01	2024-07-31	1
EUNH.DE	2025-01-02	2025-01-03T07:00:00+00:00	2025-01-02	2024-12-30	3
EUNH.DE	2025-05-29	2025-05-30T06:00:00+00:00	2025-05-29	2025-05-28	1
EUNH.DE	2025-06-09	2025-06-10T06:00:00+00:00	2025-06-09	2025-06-06	3
EUNH.DE	2025-08-01	2025-08-04T06:00:00+00:00	2025-08-01	2025-07-31	1
EUNH.DE	2026-01-02	2026-01-05T07:00:00+00:00	2026-01-02	2025-12-30	3
EUNH.DE	2026-05-14	2026-05-15T06:00:00+00:00	2026-05-14	2026-05-13	1
EUNH.DE	2026-05-25	2026-05-26T06:00:00+00:00	2026-05-25	2026-05-22	3
ZPRR.DE	2023-01-02	2023-01-03T07:00:00+00:00	2023-01-02	2022-12-30	3
ZPRR.DE	2023-05-18	2023-05-19T06:00:00+00:00	2023-05-18	2023-05-17	1
ZPRR.DE	2023-05-29	2023-05-30T06:00:00+00:00	2023-05-29	2023-05-26	3
ZPRR.DE	2023-08-01	2023-08-02T06:00:00+00:00	2023-08-01	2023-07-31	1
ZPRR.DE	2024-01-02	2024-01-03T07:00:00+00:00	2024-01-02	2023-12-29	4
ZPRR.DE	2024-05-09	2024-05-10T06:00:00+00:00	2024-05-09	2024-05-08	1
ZPRR.DE	2024-05-20	2024-05-21T06:00:00+00:00	2024-05-20	2024-05-17	3
ZPRR.DE	2024-08-01	2024-08-02T06:00:00+00:00	2024-08-01	2024-07-31	1
ZPRR.DE	2025-01-02	2025-01-03T07:00:00+00:00	2025-01-02	2024-12-30	3
ZPRR.DE	2025-05-29	2025-05-30T06:00:00+00:00	2025-05-29	2025-05-28	1
ZPRR.DE	2025-06-09	2025-06-10T06:00:00+00:00	2025-06-09	2025-06-06	3
ZPRR.DE	2025-08-01	2025-08-04T06:00:00+00:00	2025-08-01	2025-07-31	1
ZPRR.DE	2026-01-02	2026-01-05T07:00:00+00:00	2026-01-02	2025-12-30	3
ZPRR.DE	2026-05-14	2026-05-15T06:00:00+00:00	2026-05-14	2026-05-13	1
ZPRR.DE	2026-05-25	2026-05-26T06:00:00+00:00	2026-05-25	2026-05-22	3
EXV1.DE	2023-01-02	2023-01-03T07:00:00+00:00	2023-01-02	2022-12-30	3
EXV1.DE	2023-05-18	2023-05-19T06:00:00+00:00	2023-05-18	2023-05-17	1
EXV1.DE	2023-05-29	2023-05-30T06:00:00+00:00	2023-05-29	2023-05-26	3
EXV1.DE	2023-08-01	2023-08-02T06:00:00+00:00	2023-08-01	2023-07-31	1
EXV1.DE	2024-01-02	2024-01-03T07:00:00+00:00	2024-01-02	2023-12-29	4
EXV1.DE	2024-05-09	2024-05-10T06:00:00+00:00	2024-05-09	2024-05-08	1
EXV1.DE	2024-05-20	2024-05-21T06:00:00+00:00	2024-05-20	2024-05-17	3
EXV1.DE	2024-08-01	2024-08-02T06:00:00+00:00	2024-08-01	2024-07-31	1
EXV1.DE	2025-01-02	2025-01-03T07:00:00+00:00	2025-01-02	2024-12-30	3
EXV1.DE	2025-05-29	2025-05-30T06:00:00+00:00	2025-05-29	2025-05-28	1
EXV1.DE	2025-06-09	2025-06-10T06:00:00+00:00	2025-06-09	2025-06-06	3
EXV1.DE	2025-08-01	2025-08-04T06:00:00+00:00	2025-08-01	2025-07-31	1
EXV1.DE	2026-01-02	2026-01-05T07:00:00+00:00	2026-01-02	2025-12-30	3
EXV1.DE	2026-05-14	2026-05-15T06:00:00+00:00	2026-05-14	2026-05-13	1
EXV1.DE	2026-05-25	2026-05-26T06:00:00+00:00	2026-05-25	2026-05-22	3
EXH1.DE	2023-01-02	2023-01-03T07:00:00+00:00	2023-01-02	2022-12-30	3
EXH1.DE	2023-05-18	2023-05-19T06:00:00+00:00	2023-05-18	2023-05-17	1
EXH1.DE	2023-05-29	2023-05-30T06:00:00+00:00	2023-05-29	2023-05-26	3
EXH1.DE	2023-08-01	2023-08-02T06:00:00+00:00	2023-08-01	2023-07-31	1
EXH1.DE	2024-01-02	2024-01-03T07:00:00+00:00	2024-01-02	2023-12-29	4
EXH1.DE	2024-05-09	2024-05-10T06:00:00+00:00	2024-05-09	2024-05-08	1
EXH1.DE	2024-05-20	2024-05-21T06:00:00+00:00	2024-05-20	2024-05-17	3
EXH1.DE	2024-08-01	2024-08-02T06:00:00+00:00	2024-08-01	2024-07-31	1
EXH1.DE	2025-01-02	2025-01-03T07:00:00+00:00	2025-01-02	2024-12-30	3
EXH1.DE	2025-05-29	2025-05-30T06:00:00+00:00	2025-05-29	2025-05-28	1
EXH1.DE	2025-06-09	2025-06-10T06:00:00+00:00	2025-06-09	2025-06-06	3
EXH1.DE	2025-08-01	2025-08-04T06:00:00+00:00	2025-08-01	2025-07-31	1
EXH1.DE	2026-01-02	2026-01-05T07:00:00+00:00	2026-01-02	2025-12-30	3
EXH1.DE	2026-05-14	2026-05-15T06:00:00+00:00	2026-05-14	2026-05-13	1
EXH1.DE	2026-05-25	2026-05-26T06:00:00+00:00	2026-05-25	2026-05-22	3
