corrida,tipo,clave,operaciones,pnl_neto_eur,notional_entrada_eur,valor
B2_primaria_5pb,activo,0700.HK,8,-267.44682974705074,84826.59555656482,-267.44682974705074
B2_primaria_5pb,activo,1810.HK,15,7841.922977193761,120455.67430138904,7841.922977193761
B2_primaria_5pb,activo,6501.T,17,-7878.549909976452,218734.72032900763,-7878.549909976452
B2_primaria_5pb,activo,6758.T,12,-699.7927069001144,156379.57054132308,-699.7927069001144
B2_primaria_5pb,activo,6857.T,19,5702.6498033611015,157609.75283129048,5702.6498033611015
B2_primaria_5pb,activo,7011.T,21,7899.554875096581,215193.72754855026,7899.554875096581
B2_primaria_5pb,activo,7203.T,9,1431.9244591426484,124963.17789209433,1431.9244591426484
B2_primaria_5pb,activo,8035.T,15,13173.45478068352,162034.32174050063,13173.45478068352
B2_primaria_5pb,activo,9988.HK,12,875.6817164125805,109667.06798145252,875.6817164125805
B2_primaria_5pb,activo,AAPL,5,-1375.5775238631147,77140.68891897908,-1375.5775238631147
B2_primaria_5pb,activo,ABBV,6,-2609.6817420219286,87077.89469851769,-2609.6817420219286
B2_primaria_5pb,activo,ADBE,1,-1206.8711930917013,14256.222435696516,-1206.8711930917013
B2_primaria_5pb,activo,ADYEN.AS,5,-1539.3463016588644,54591.801452929496,-1539.3463016588644
B2_primaria_5pb,activo,AIR.PA,8,-13.852354643538035,116162.7400742005,-13.852354643538035
B2_primaria_5pb,activo,ALV.DE,11,4337.004892267281,148861.8364040824,4337.004892267281
B2_primaria_5pb,activo,AMAT,9,1601.3164352904942,79561.35129628083,1601.3164352904942
B2_primaria_5pb,activo,AMD,4,-2734.962631256636,32625.454441851387,-2734.962631256636
B2_primaria_5pb,activo,AMZN,4,2894.04860705233,50292.81287442623,2894.04860705233
B2_primaria_5pb,activo,APP,16,2664.302153008542,119871.8820686163,2664.302153008542
B2_primaria_5pb,activo,ARM,8,3292.812259921148,57099.77241720286,3292.812259921148
B2_primaria_5pb,activo,ASML.AS,8,-2760.5526449340464,97987.15644780574,-2760.5526449340464
B2_primaria_5pb,activo,AVGO,5,-1092.8193973936166,38215.57079960107,-1092.8193973936166
B2_primaria_5pb,activo,AZN,4,-1407.1394314976797,56904.61022124061,-1407.1394314976797
B2_primaria_5pb,activo,BBVA.MC,8,4319.085582995515,100007.16787169334,4319.085582995515
B2_primaria_5pb,activo,BRK-B,3,1060.5656551691595,46487.13015993151,1060.5656551691595
B2_primaria_5pb,activo,BSP.DE,11,3668.4035643553025,116939.51261802347,3668.4035643553025
B2_primaria_5pb,activo,CAT,1,-151.3627329430459,7016.456770842548,-151.3627329430459
B2_primaria_5pb,activo,COIN,11,-1502.830152969931,54621.798883455194,-1502.830152969931
B2_primaria_5pb,activo,CRM,3,352.5102556473744,24122.479457494075,352.5102556473744
B2_primaria_5pb,activo,CRWD,6,1294.9644102296184,48104.65873867379,1294.9644102296184
B2_primaria_5pb,activo,DBK.DE,13,4872.493702667848,160619.20069680992,4872.493702667848
B2_primaria_5pb,activo,DTE.DE,8,3794.4353630651703,115767.36523278139,3794.4353630651703
B2_primaria_5pb,activo,ENI.MI,8,3172.208251088599,118437.02945018801,3172.208251088599
B2_primaria_5pb,activo,ENR.DE,10,4490.941013846236,87336.47708576678,4490.941013846236
B2_primaria_5pb,activo,EQQQ.DE,4,-207.44623097628036,56044.564295905846,-207.44623097628036
B2_primaria_5pb,activo,EUNH.DE,6,-335.9623272818922,93412.962067327,-335.9623272818922
B2_primaria_5pb,activo,EUNL.DE,12,-2215.7921485863258,180334.65460251315,-2215.7921485863258
B2_primaria_5pb,activo,EUNN.DE,14,-1368.6992342514234,209766.2366633344,-1368.6992342514234
B2_primaria_5pb,activo,EXH1.DE,9,2511.5097722453575,133183.8003776606,2511.5097722453575
B2_primaria_5pb,activo,EXSA.DE,8,1659.9596811934466,113406.98508504941,1659.9596811934466
B2_primaria_5pb,activo,EXV1.DE,16,-2093.209696447868,234718.8798934633,-2093.209696447868
B2_primaria_5pb,activo,GOOGL,2,615.4712720126176,18546.808996119078,615.4712720126176
B2_primaria_5pb,activo,GS,5,3016.5563727740505,71461.47448354358,3016.5563727740505
B2_primaria_5pb,activo,IBE.MC,10,3930.64384782284,156429.11538312963,3930.64384782284
B2_primaria_5pb,activo,ICGA.DE,5,1310.6194026179458,68022.60964951212,1310.6194026179458
B2_primaria_5pb,activo,IFX.DE,12,-4012.9918736811505,128994.06129347142,-4012.9918736811505
B2_primaria_5pb,activo,INFY,2,-1120.2234434447378,27236.05745108456,-1120.2234434447378
B2_primaria_5pb,activo,INTC,8,3647.5478144018957,73818.15761769225,3647.5478144018957
B2_primaria_5pb,activo,IQQK.DE,10,8555.490833472071,137642.3651613526,8555.490833472071
B2_primaria_5pb,activo,IQQT.DE,7,-1194.4373041798096,103506.91770240295,-1194.4373041798096
B2_primaria_5pb,activo,IS3N.DE,7,3109.001133143642,110939.0767011014,3109.001133143642
B2_primaria_5pb,activo,ITX.MC,7,154.86917695971874,88395.44704775412,154.86917695971874
B2_primaria_5pb,activo,LLY,3,-945.9630135311097,35195.79593347474,-945.9630135311097
B2_primaria_5pb,activo,LMT,4,1642.1857332157706,62594.4728996903,1642.1857332157706
B2_primaria_5pb,activo,MA,3,8.420660567145887,44968.73801896053,8.420660567145887
B2_primaria_5pb,activo,MBG.DE,2,996.3607563462693,23503.701778729937,996.3607563462693
B2_primaria_5pb,activo,MC.PA,4,-262.8551688916143,44603.18634563383,-262.8551688916143
B2_primaria_5pb,activo,META,3,32.64369849817069,38541.2997543269,32.64369849817069
B2_primaria_5pb,activo,MRVL,11,7501.026684442164,90942.11909027901,7501.026684442164
B2_primaria_5pb,activo,MSFT,4,4121.880410324005,41711.506521453324,4121.880410324005
B2_primaria_5pb,activo,MU,14,4740.660609642872,104378.4161130111,4740.660609642872
B2_primaria_5pb,activo,MUV2.DE,7,-1918.033157867365,94567.18601869991,-1918.033157867365
B2_primaria_5pb,activo,NOW,5,438.6993517048956,37364.26156650206,438.6993517048956
B2_primaria_5pb,activo,NVDA,7,3907.6291902732755,63083.26767525098,3907.6291902732755
B2_primaria_5pb,activo,OR.PA,7,-3863.466269252648,108394.13560236341,-3863.466269252648
B2_primaria_5pb,activo,ORCL,7,1128.2308348771153,73596.0704164555,1128.2308348771153
B2_primaria_5pb,activo,PANW,5,1982.1719010653824,55928.501851489986,1982.1719010653824
B2_primaria_5pb,activo,PLTR,13,6482.891423213829,81579.62488508233,6482.891423213829
B2_primaria_5pb,activo,Q8Y0.DE,4,-300.65729438707785,69247.08173157802,-300.65729438707785
B2_primaria_5pb,activo,QCOM,3,218.45549130542315,34121.83837164636,218.45549130542315
B2_primaria_5pb,activo,QDV5.DE,11,-1224.3873666516415,136008.4671807791,-1224.3873666516415
B2_primaria_5pb,activo,R6C0.DE,12,1751.9973366194997,186841.57880677618,1751.9973366194997
B2_primaria_5pb,activo,RACE.MI,5,4336.539383042014,61802.11937043271,4336.539383042014
B2_primaria_5pb,activo,RRU.DE,13,1923.9454448459842,118908.7194555789,1923.9454448459842
B2_primaria_5pb,activo,SAF.PA,7,-30.029014791141776,100111.6350791602,-30.029014791141776
B2_primaria_5pb,activo,SAP.DE,8,2249.686060571259,110702.53866361133,2249.686060571259
B2_primaria_5pb,activo,SIE.DE,6,1130.7852258854177,77663.63838215524,1130.7852258854177
B2_primaria_5pb,activo,SU.PA,6,-4150.728230280614,83363.40306462377,-4150.728230280614
B2_primaria_5pb,activo,SXR8.DE,7,-1390.0496591400401,105613.57342588753,-1390.0496591400401
B2_primaria_5pb,activo,TSLA,4,4413.89481212225,39062.26966344664,4413.89481212225
B2_primaria_5pb,activo,TSM,2,-979.1342429337914,17185.334366294082,-979.1342429337914
B2_primaria_5pb,activo,TTE.PA,7,2106.0970702928234,104465.19090831954,2106.0970702928234
B2_primaria_5pb,activo,UBER,2,119.53769745543423,23367.77740425911,119.53769745543423
B2_primaria_5pb,activo,V,3,425.7898462506524,42650.659566064605,425.7898462506524
B2_primaria_5pb,activo,VRTX,4,-2143.3105399064834,56533.43829593183,-2143.3105399064834
B2_primaria_5pb,activo,VVSM.DE,11,160.75193609126336,148217.28378581302,160.75193609126336
B2_primaria_5pb,activo,XOM,4,-2640.129471879177,57979.39718590834,-2640.129471879177
B2_primaria_5pb,activo,ZPRR.DE,7,-694.9141706123911,94263.17642075985,-694.9141706123911
B2_primaria_5pb,resumen,top5,,44971.45015088809,,8035.T:13173.45478068352;IQQK.DE:8555.490833472071;7011.T:7899.554875096581;1810.HK:7841.922977193761;MRVL:7501.026684442164
B2_primaria_5pb,resumen,top10,,71261.08670361998,,8035.T:13173.45478068352;IQQK.DE:8555.490833472071;7011.T:7899.554875096581;1810.HK:7841.922977193761;MRVL:7501.026684442164;PLTR:6482.891423213829;6857.T:5702.6498033611015;DBK.DE:4872.493702667848;MU:4740.660609642872;ENR.DE:4490.941013846236
B2_primaria_5pb,resumen,bottom5,,-22666.28892812491,,6501.T:-7878.549909976452;SU.PA:-4150.728230280614;IFX.DE:-4012.9918736811505;OR.PA:-3863.466269252648;ASML.AS:-2760.5526449340464
B2_primaria_5pb,resumen,fraccion_top5,,,,0.44641537487452165
B2_primaria_5pb,resumen,fraccion_top10,,,,0.7073831203580631
B2_primaria_5pb,resumen,activos_contribucion_positiva,,,,53
B2_primaria_5pb,resumen,activos_contribucion_negativa,,,,35
S2_primaria_5pb,activo,0700.HK,3,762.5325038518465,23410.186491462748,762.5325038518465
S2_primaria_5pb,activo,1810.HK,9,4401.453677490103,69653.11650242709,4401.453677490103
S2_primaria_5pb,activo,6501.T,6,985.3997313187597,59276.27148321246,985.3997313187597
S2_primaria_5pb,activo,6758.T,9,-2022.4450761422872,114335.13893106038,-2022.4450761422872
S2_primaria_5pb,activo,6857.T,13,-749.940905320692,113702.0924081511,-749.940905320692
S2_primaria_5pb,activo,7011.T,14,2309.5021374389235,127893.57404788448,2309.5021374389235
S2_primaria_5pb,activo,7203.T,8,-76.14132972748735,98617.63341609327,-76.14132972748735
S2_primaria_5pb,activo,8035.T,14,-370.0846654367622,141817.56257139234,-370.0846654367622
S2_primaria_5pb,activo,9988.HK,4,1554.7324174808948,26002.01120695954,1554.7324174808948
S2_primaria_5pb,activo,AAPL,3,3490.363448330668,38509.18545567976,3490.363448330668
S2_primaria_5pb,activo,ABBV,4,-1628.4882380283238,50980.06443879844,-1628.4882380283238
S2_primaria_5pb,activo,ADYEN.AS,2,-1882.2432233699633,21867.531920828034,-1882.2432233699633
S2_primaria_5pb,activo,AIR.PA,4,2237.6261548856646,49132.71186272964,2237.6261548856646
S2_primaria_5pb,activo,ALV.DE,6,2592.218532215612,76636.01927096574,2592.218532215612
S2_primaria_5pb,activo,AMAT,8,2026.4136744858542,69961.68236984045,2026.4136744858542
S2_primaria_5pb,activo,AMD,9,3992.374849486886,74804.14257246541,3992.374849486886
S2_primaria_5pb,activo,AMZN,4,-858.5180556299797,51305.23833680723,-858.5180556299797
S2_primaria_5pb,activo,APP,5,757.4960743803616,28268.409909584792,757.4960743803616
S2_primaria_5pb,activo,ARM,5,684.8178908245743,37661.81541207082,684.8178908245743
S2_primaria_5pb,activo,ASML.AS,8,5470.153959218403,82922.31994306008,5470.153959218403
S2_primaria_5pb,activo,AVGO,8,3146.927275368313,71180.20021089091,3146.927275368313
S2_primaria_5pb,activo,AZN,6,2686.7078002694425,75175.96024591531,2686.7078002694425
S2_primaria_5pb,activo,BBVA.MC,4,3909.920932397501,54623.695156657006,3909.920932397501
S2_primaria_5pb,activo,BSP.DE,9,1179.6897762653316,100742.03161117602,1179.6897762653316
S2_primaria_5pb,activo,CAT,4,2119.649116447797,41701.67073026937,2119.649116447797
S2_primaria_5pb,activo,COIN,7,2680.176078265185,33182.12038234493,2680.176078265185
S2_primaria_5pb,activo,CRM,4,496.6992310199896,42142.91153618887,496.6992310199896
S2_primaria_5pb,activo,CRWD,7,-1133.9520493893567,61571.39160739462,-1133.9520493893567
S2_primaria_5pb,activo,CVX,1,633.9574363119365,13939.311394106655,633.9574363119365
S2_primaria_5pb,activo,DBK.DE,4,3159.103033765939,47705.562961258176,3159.103033765939
S2_primaria_5pb,activo,DTE.DE,1,891.4459068671495,13423.63748073026,891.4459068671495
S2_primaria_5pb,activo,ENI.MI,2,-774.9862782188434,24610.611934879715,-774.9862782188434
S2_primaria_5pb,activo,ENR.DE,6,4051.164747370105,52233.78610613858,4051.164747370105
S2_primaria_5pb,activo,EQQQ.DE,3,939.9378673515438,44066.17972719099,939.9378673515438
S2_primaria_5pb,activo,EUNH.DE,4,-381.20770602281544,51279.688533559354,-381.20770602281544
S2_primaria_5pb,activo,EUNL.DE,3,-338.07296565770065,40194.77890306065,-338.07296565770065
S2_primaria_5pb,activo,EUNN.DE,9,-728.4552967294611,121235.61426323821,-728.4552967294611
S2_primaria_5pb,activo,EXH1.DE,6,3598.2816943024445,82646.26893802317,3598.2816943024445
S2_primaria_5pb,activo,EXSA.DE,5,590.6037739024057,62454.984310222746,590.6037739024057
S2_primaria_5pb,activo,EXV1.DE,9,807.9296510469904,114633.55868898399,807.9296510469904
S2_primaria_5pb,activo,GOOGL,6,199.93091901501327,70715.06229850049,199.93091901501327
S2_primaria_5pb,activo,GS,3,-310.3191885849046,41638.05248680747,-310.3191885849046
S2_primaria_5pb,activo,IBE.MC,5,628.5478926549655,57370.267342986255,628.5478926549655
S2_primaria_5pb,activo,ICGA.DE,5,817.6346849029037,61588.040984162864,817.6346849029037
S2_primaria_5pb,activo,IFX.DE,5,2268.2608044871013,42563.408431276046,2268.2608044871013
S2_primaria_5pb,activo,INFY,4,-1139.1927452026434,53950.60183299834,-1139.1927452026434
S2_primaria_5pb,activo,INTC,10,6747.4337493441335,79363.58387836999,6747.4337493441335
S2_primaria_5pb,activo,IQQK.DE,14,748.9103333254125,170897.94356848448,748.9103333254125
S2_primaria_5pb,activo,IQQT.DE,11,1662.843626602768,154133.8874367818,1662.843626602768
S2_primaria_5pb,activo,IS3N.DE,7,-2772.750081857415,99159.5518648066,-2772.750081857415
S2_primaria_5pb,activo,ITX.MC,7,-530.2610130566158,87347.76437445078,-530.2610130566158
S2_primaria_5pb,activo,LLY,10,562.0046523455719,110856.58310140113,562.0046523455719
S2_primaria_5pb,activo,LMT,2,-985.8251861746357,25934.536069748152,-985.8251861746357
S2_primaria_5pb,activo,MA,7,2559.2241613852816,87489.53280777035,2559.2241613852816
S2_primaria_5pb,activo,MBG.DE,1,-975.6729672743568,10107.909633751848,-975.6729672743568
S2_primaria_5pb,activo,MC.PA,3,1176.4068476641755,30758.810457838736,1176.4068476641755
S2_primaria_5pb,activo,META,3,890.6496786736236,40432.055103708306,890.6496786736236
S2_primaria_5pb,activo,MRVL,11,-2002.3728348476234,76004.62208068736,-2002.3728348476234
S2_primaria_5pb,activo,MSFT,4,1918.5533930041615,40210.630903603196,1918.5533930041615
S2_primaria_5pb,activo,MU,6,5263.34226639002,45695.77569574168,5263.34226639002
S2_primaria_5pb,activo,MUV2.DE,4,531.6971511174651,47684.79611069751,531.6971511174651
S2_primaria_5pb,activo,NFLX,4,1513.864484176904,33164.45764616353,1513.864484176904
S2_primaria_5pb,activo,NOW,4,-3203.8107698084796,42530.85692609886,-3203.8107698084796
S2_primaria_5pb,activo,NVDA,4,474.67775126099673,20147.142486047756,474.67775126099673
S2_primaria_5pb,activo,OR.PA,3,-2591.0574952656684,47162.19012711728,-2591.0574952656684
S2_primaria_5pb,activo,ORCL,4,998.7767073252876,44389.64191774671,998.7767073252876
S2_primaria_5pb,activo,PANW,9,-3207.7820592931093,84511.83405891157,-3207.7820592931093
S2_primaria_5pb,activo,PLTR,8,4968.570134872552,45194.16491396954,4968.570134872552
S2_primaria_5pb,activo,Q8Y0.DE,6,-1075.4676662064553,84095.68651156382,-1075.4676662064553
S2_primaria_5pb,activo,QCOM,5,-799.8688473676139,44354.53366877219,-799.8688473676139
S2_primaria_5pb,activo,QDV5.DE,4,-617.6048518675292,46624.22893675178,-617.6048518675292
S2_primaria_5pb,activo,R6C0.DE,6,936.3139339715221,85079.0212560601,936.3139339715221
S2_primaria_5pb,activo,RACE.MI,6,3034.297420798983,63969.1048622616,3034.297420798983
S2_primaria_5pb,activo,RRU.DE,19,1853.4076698067036,177994.91402324216,1853.4076698067036
S2_primaria_5pb,activo,SAF.PA,4,-602.8089163447548,49683.805062175816,-602.8089163447548
S2_primaria_5pb,activo,SAP.DE,10,4453.178995540415,121788.43339274182,4453.178995540415
S2_primaria_5pb,activo,SIE.DE,5,-616.80125413058,57526.30547851895,-616.80125413058
S2_primaria_5pb,activo,SU.PA,4,-1805.4004251917934,48623.75900496436,-1805.4004251917934
S2_primaria_5pb,activo,SXR8.DE,5,-879.7398469483296,68638.2295321658,-879.7398469483296
S2_primaria_5pb,activo,TSLA,2,780.315127888836,12778.680735042155,780.315127888836
S2_primaria_5pb,activo,TSM,10,4068.389503122008,100553.3554064509,4068.389503122008
S2_primaria_5pb,activo,TTE.PA,2,-810.4900298657649,23666.409422443343,-810.4900298657649
S2_primaria_5pb,activo,UBER,5,-284.2487607548626,36697.74409083203,-284.2487607548626
S2_primaria_5pb,activo,V,3,576.9344026438064,30270.51379003829,576.9344026438064
S2_primaria_5pb,activo,VRTX,7,2182.337315655438,78680.50754494243,2182.337315655438
S2_primaria_5pb,activo,VVSM.DE,12,3125.5924129279433,142759.37525570628,3125.5924129279433
S2_primaria_5pb,activo,XOM,3,-774.5184255542976,46372.79911681218,-774.5184255542976
S2_primaria_5pb,activo,ZPRR.DE,6,276.99433085404394,79815.92036295532,276.99433085404394
S2_primaria_5pb,resumen,top5,,26902.679105365525,,INTC:6747.4337493441335;ASML.AS:5470.153959218403;MU:5263.34226639002;PLTR:4968.570134872552;SAP.DE:4453.178995540415
S2_primaria_5pb,resumen,top10,,47325.98281523213,,INTC:6747.4337493441335;ASML.AS:5470.153959218403;MU:5263.34226639002;PLTR:4968.570134872552;SAP.DE:4453.178995540415;1810.HK:4401.453677490103;TSM:4068.389503122008;ENR.DE:4051.164747370105;AMD:3992.374849486886;BBVA.MC:3909.920932397501
S2_primaria_5pb,resumen,bottom5,,-13797.84548236696,,PANW:-3207.7820592931093;NOW:-3203.8107698084796;IS3N.DE:-2772.750081857415;OR.PA:-2591.0574952656684;6758.T:-2022.4450761422872
S2_primaria_5pb,resumen,fraccion_top5,,,,0.33441976508830856
S2_primaria_5pb,resumen,fraccion_top10,,,,0.5882962062498355
S2_primaria_5pb,resumen,activos_contribucion_positiva,,,,56
S2_primaria_5pb,resumen,activos_contribucion_negativa,,,,32
C0_primaria_5pb,activo,0700.HK,3,1423.9415638695232,28403.057207856196,1423.9415638695232
C0_primaria_5pb,activo,1810.HK,11,3529.5367469672074,102208.18269746014,3529.5367469672074
C0_primaria_5pb,activo,6501.T,12,-3545.706753745072,140515.02718348042,-3545.706753745072
C0_primaria_5pb,activo,6758.T,10,-4007.3284534560353,124361.62291089851,-4007.3284534560353
C0_primaria_5pb,activo,6857.T,12,290.4700433090153,122725.44740319226,290.4700433090153
C0_primaria_5pb,activo,7011.T,12,-457.0223718291222,129481.8797446089,-457.0223718291222
C0_primaria_5pb,activo,7203.T,11,-519.981426434118,133153.75045391134,-519.981426434118
C0_primaria_5pb,activo,8035.T,14,-2737.1500110358797,156196.18881203476,-2737.1500110358797
C0_primaria_5pb,activo,9988.HK,4,-463.53983045582913,36454.63982796838,-463.53983045582913
C0_primaria_5pb,activo,AAPL,6,1710.508870943937,73865.02418516988,1710.508870943937
C0_primaria_5pb,activo,ABBV,4,-2136.450728428188,52012.67258031947,-2136.450728428188
C0_primaria_5pb,activo,ADYEN.AS,3,187.24401202280512,37828.5416193656,187.24401202280512
C0_primaria_5pb,activo,AIR.PA,8,-560.0245056243123,99569.98998121814,-560.0245056243123
C0_primaria_5pb,activo,ALV.DE,9,667.0184296745181,109527.98530187107,667.0184296745181
C0_primaria_5pb,activo,AMAT,8,-218.28568125819663,76932.02345240713,-218.28568125819663
C0_primaria_5pb,activo,AMD,8,3883.965723215495,76461.38917320027,3883.965723215495
C0_primaria_5pb,activo,AMZN,5,-1109.5346662870343,60817.00994282428,-1109.5346662870343
C0_primaria_5pb,activo,APP,9,4963.128822864958,71925.81030748897,4963.128822864958
C0_primaria_5pb,activo,ARM,8,1134.648627500466,71520.36558893311,1134.648627500466
C0_primaria_5pb,activo,ASML.AS,7,2815.8256590010214,75531.55968110818,2815.8256590010214
C0_primaria_5pb,activo,AVGO,7,2943.8641127037354,69098.38429081075,2943.8641127037354
C0_primaria_5pb,activo,AZN,8,-1263.521243217994,98771.30295260374,-1263.521243217994
C0_primaria_5pb,activo,BBVA.MC,9,7244.133307461405,106145.42846319427,7244.133307461405
C0_primaria_5pb,activo,BSP.DE,9,51.81090676056192,104984.65841374855,51.81090676056192
C0_primaria_5pb,activo,CAT,7,1398.2790044967055,83011.35270024693,1398.2790044967055
C0_primaria_5pb,activo,COIN,6,3519.300640436365,39709.530672014356,3519.300640436365
C0_primaria_5pb,activo,CRM,6,39.3517352794762,66945.4367109647,39.3517352794762
C0_primaria_5pb,activo,CRWD,4,-2842.1292043799335,38136.302216810705,-2842.1292043799335
C0_primaria_5pb,activo,CVX,1,-470.2414761605267,13603.919640439944,-470.2414761605267
C0_primaria_5pb,activo,DBK.DE,6,2198.458980668371,75352.77605102527,2198.458980668371
C0_primaria_5pb,activo,DTE.DE,4,305.37304405977466,50359.59224721895,305.37304405977466
C0_primaria_5pb,activo,ENI.MI,2,-549.6330458101993,23613.60397402703,-549.6330458101993
C0_primaria_5pb,activo,ENR.DE,7,5340.914928161816,71798.85984673539,5340.914928161816
C0_primaria_5pb,activo,EQQQ.DE,5,779.6856514137128,62606.162586824285,779.6856514137128
C0_primaria_5pb,activo,EUNH.DE,3,-307.60638012893077,36505.10163232977,-307.60638012893077
C0_primaria_5pb,activo,EUNL.DE,6,475.78738022682097,77208.93980516426,475.78738022682097
C0_primaria_5pb,activo,EUNN.DE,10,313.76078545599665,127695.79495458597,313.76078545599665
C0_primaria_5pb,activo,EXH1.DE,6,1142.3242415796149,77945.03818638275,1142.3242415796149
C0_primaria_5pb,activo,EXSA.DE,5,-72.50099655077048,60462.064381435506,-72.50099655077048
C0_primaria_5pb,activo,EXV1.DE,10,1629.952924367529,125782.34293725844,1629.952924367529
C0_primaria_5pb,activo,GOOGL,6,-2062.7674649802047,73798.391983332,-2062.7674649802047
C0_primaria_5pb,activo,GS,6,1053.419854221409,77567.7085178674,1053.419854221409
C0_primaria_5pb,activo,IBE.MC,5,392.62804165712447,55790.004716511045,392.62804165712447
C0_primaria_5pb,activo,ICGA.DE,7,1397.6879011290662,89759.41834979829,1397.6879011290662
C0_primaria_5pb,activo,IFX.DE,6,1654.2545811606697,63912.61205890808,1654.2545811606697
C0_primaria_5pb,activo,INFY,4,-86.9841110231855,49706.26787052979,-86.9841110231855
C0_primaria_5pb,activo,INTC,8,1443.9340940256939,70666.54307911207,1443.9340940256939
C0_primaria_5pb,activo,IQQK.DE,15,4501.046283337537,179642.33197179137,4501.046283337537
C0_primaria_5pb,activo,IQQT.DE,17,2550.1748092277785,219145.27212721165,2550.1748092277785
C0_primaria_5pb,activo,IS3N.DE,11,-2152.5913999587733,143111.23524182252,-2152.5913999587733
C0_primaria_5pb,activo,ITX.MC,10,-1520.9751699383291,119751.33302186249,-1520.9751699383291
C0_primaria_5pb,activo,LLY,12,733.0130446887817,137978.81342687111,733.0130446887817
C0_primaria_5pb,activo,LMT,1,-525.4106272214206,13237.931064855724,-525.4106272214206
C0_primaria_5pb,activo,MA,9,1950.8447094943763,106714.08584581492,1950.8447094943763
C0_primaria_5pb,activo,MBG.DE,2,-1055.750546615263,22909.243250334548,-1055.750546615263
C0_primaria_5pb,activo,MC.PA,4,865.767345164182,46262.43413026251,865.767345164182
C0_primaria_5pb,activo,META,5,1000.6322555802344,66644.10359603196,1000.6322555802344
C0_primaria_5pb,activo,MRVL,11,-2719.1750995316515,95316.86412530426,-2719.1750995316515
C0_primaria_5pb,activo,MSFT,6,1145.0052206443593,69502.44573360289,1145.0052206443593
C0_primaria_5pb,activo,MU,5,3543.6052008184297,45961.658599000395,3543.6052008184297
C0_primaria_5pb,activo,MUV2.DE,6,307.3701974449746,69135.80050525632,307.3701974449746
C0_primaria_5pb,activo,NFLX,4,1547.1551655366793,36550.66428795572,1547.1551655366793
C0_primaria_5pb,activo,NOW,4,-3165.539598379937,46613.74295432497,-3165.539598379937
C0_primaria_5pb,activo,NVDA,6,1258.1725598324547,42474.78821958474,1258.1725598324547
C0_primaria_5pb,activo,OR.PA,4,-1393.5295468117938,53178.85765134222,-1393.5295468117938
C0_primaria_5pb,activo,ORCL,5,-589.2717674997366,60127.06178744864,-589.2717674997366
C0_primaria_5pb,activo,PANW,5,1020.4227088343845,47825.840876036345,1020.4227088343845
C0_primaria_5pb,activo,PLTR,10,4329.645964355925,73072.38712107319,4329.645964355925
C0_primaria_5pb,activo,Q8Y0.DE,8,-424.47684250181214,110240.52673291159,-424.47684250181214
C0_primaria_5pb,activo,QCOM,6,345.4118308056461,65878.23769059124,345.4118308056461
C0_primaria_5pb,activo,QDV5.DE,4,-599.404456060015,45905.29838588889,-599.404456060015
C0_primaria_5pb,activo,R6C0.DE,8,915.2545970975959,103818.79941928235,915.2545970975959
C0_primaria_5pb,activo,RACE.MI,5,2185.189763273187,58467.609182300585,2185.189763273187
C0_primaria_5pb,activo,RRU.DE,23,2084.5349360807286,231184.91901281243,2084.5349360807286
C0_primaria_5pb,activo,SAF.PA,5,1442.1212340188474,62374.383947319926,1442.1212340188474
C0_primaria_5pb,activo,SAP.DE,8,2228.11796742624,96937.33840122848,2228.11796742624
C0_primaria_5pb,activo,SIE.DE,6,1087.5352081048563,74222.10824580172,1087.5352081048563
C0_primaria_5pb,activo,SU.PA,6,-1178.500761450745,72498.59409773668,-1178.500761450745
C0_primaria_5pb,activo,SXR8.DE,5,-1323.9595045525762,65917.71250323973,-1323.9595045525762
C0_primaria_5pb,activo,TSLA,1,-484.0719092465768,6288.6771311144485,-484.0719092465768
C0_primaria_5pb,activo,TSM,9,255.9636702853228,103699.00043743226,255.9636702853228
C0_primaria_5pb,activo,TTE.PA,3,-769.7605986662413,33803.24861261278,-769.7605986662413
C0_primaria_5pb,activo,UBER,8,-1348.8524604058425,78200.77603412233,-1348.8524604058425
C0_primaria_5pb,activo,V,3,-394.8885541989875,29715.762840166088,-394.8885541989875
C0_primaria_5pb,activo,VRTX,9,-892.0646018361242,104207.72929112663,-892.0646018361242
C0_primaria_5pb,activo,VVSM.DE,13,2449.3729559097847,155562.92758700505,2449.3729559097847
C0_primaria_5pb,activo,XOM,4,-587.2428303128569,45479.145070445855,-587.2428303128569
C0_primaria_5pb,activo,ZPRR.DE,10,1486.9841927147095,123901.53518752236,1486.9841927147095
C0_primaria_5pb,resumen,top5,,26378.86930618164,,BBVA.MC:7244.133307461405;ENR.DE:5340.914928161816;APP:4963.128822864958;IQQK.DE:4501.046283337537;PLTR:4329.645964355925
C0_primaria_5pb,resumen,top10,,43799.14173032287,,BBVA.MC:7244.133307461405;ENR.DE:5340.914928161816;APP:4963.128822864958;IQQK.DE:4501.046283337537;PLTR:4329.645964355925;AMD:3883.965723215495;MU:3543.6052008184297;1810.HK:3529.5367469672074;COIN:3519.300640436365;AVGO:2943.8641127037354
C0_primaria_5pb,resumen,bottom5,,-16297.854020996858,,6758.T:-4007.3284534560353;6501.T:-3545.706753745072;NOW:-3165.539598379937;CRWD:-2842.1292043799335;8035.T:-2737.1500110358797
C0_primaria_5pb,resumen,fraccion_top5,,,,0.5424549976377779
C0_primaria_5pb,resumen,fraccion_top10,,,,0.9006854330292042
C0_primaria_5pb,resumen,activos_contribucion_positiva,,,,52
C0_primaria_5pb,resumen,activos_contribucion_negativa,,,,36
B2_todas_las_barras_5pb,activo,0700.HK,28,-3485.409023116039,370295.6401303041,-3485.409023116039
B2_todas_las_barras_5pb,activo,1810.HK,33,11482.074796303521,359178.8476067769,11482.074796303521
B2_todas_las_barras_5pb,activo,6501.T,41,571.6191293101961,582760.5771674094,571.6191293101961
B2_todas_las_barras_5pb,activo,6758.T,42,-54.44820578657635,600736.5779742736,-54.44820578657635
B2_todas_las_barras_5pb,activo,6857.T,48,25352.852842572902,494840.6083111111,25352.852842572902
B2_todas_las_barras_5pb,activo,7011.T,48,8697.134776985775,603540.4680322758,8697.134776985775
B2_todas_las_barras_5pb,activo,7203.T,39,5555.495905342398,541849.3045878113,5555.495905342398
B2_todas_las_barras_5pb,activo,8035.T,50,5426.494067040693,622394.6389340338,5426.494067040693
B2_todas_las_barras_5pb,activo,9988.HK,29,107.74639256185162,313878.7385602577,107.74639256185162
B2_todas_las_barras_5pb,activo,ABBV,2,-1263.5435378055765,33014.62686281541,-1263.5435378055765
B2_todas_las_barras_5pb,activo,ADBE,2,-269.65912655272984,24437.079656128957,-269.65912655272984
B2_todas_las_barras_5pb,activo,ADYEN.AS,23,575.1763293112363,226648.40836135735,575.1763293112363
B2_todas_las_barras_5pb,activo,AIR.PA,8,-2977.3721155430003,115557.2954747433,-2977.3721155430003
B2_todas_las_barras_5pb,activo,ALV.DE,4,-2297.7575155036047,70207.24205193824,-2297.7575155036047
B2_todas_las_barras_5pb,activo,AMAT,9,3324.6823846518037,109898.30445671047,3324.6823846518037
B2_todas_las_barras_5pb,activo,AMD,9,401.10178063286094,83918.61680718738,401.10178063286094
B2_todas_las_barras_5pb,activo,AMZN,2,-605.100653130408,18420.469005077328,-605.100653130408
B2_todas_las_barras_5pb,activo,APP,20,11730.40968991887,131136.6202303133,11730.40968991887
B2_todas_las_barras_5pb,activo,ARM,9,6819.255602350072,64186.48384731542,6819.255602350072
B2_todas_las_barras_5pb,activo,ASML.AS,14,433.0318435418352,159619.4394761568,433.0318435418352
B2_todas_las_barras_5pb,activo,AVGO,6,-2710.0392489708347,54330.992831479016,-2710.0392489708347
B2_todas_las_barras_5pb,activo,BBVA.MC,10,2477.815726431721,128695.87234204727,2477.815726431721
B2_todas_las_barras_5pb,activo,BRK-B,1,-288.28099465810106,18691.76819137922,-288.28099465810106
B2_todas_las_barras_5pb,activo,BSP.DE,10,976.9004855618471,129731.95134740166,976.9004855618471
B2_todas_las_barras_5pb,activo,CAT,1,2100.213864551678,17446.366848228387,2100.213864551678
B2_todas_las_barras_5pb,activo,COIN,28,4217.579914967513,144882.71919755448,4217.579914967513
B2_todas_las_barras_5pb,activo,CRM,2,465.99883906740604,18415.131293502345,465.99883906740604
B2_todas_las_barras_5pb,activo,CRWD,6,3581.842699836884,55294.713793088005,3581.842699836884
B2_todas_las_barras_5pb,activo,CVX,1,-622.6539648284596,13415.46737707891,-622.6539648284596
B2_todas_las_barras_5pb,activo,DBK.DE,5,-1603.592226063762,65237.38640935459,-1603.592226063762
B2_todas_las_barras_5pb,activo,DTE.DE,2,-437.4302234127568,34596.70671476978,-437.4302234127568
B2_todas_las_barras_5pb,activo,ENI.MI,7,488.23893273684257,111300.22776554736,488.23893273684257
B2_todas_las_barras_5pb,activo,ENR.DE,27,13656.356298836967,291380.96069105476,13656.356298836967
B2_todas_las_barras_5pb,activo,EQQQ.DE,6,-1255.3034976903134,82526.55698902847,-1255.3034976903134
B2_todas_las_barras_5pb,activo,EUNH.DE,6,-465.5413751280364,103627.76878444772,-465.5413751280364
B2_todas_las_barras_5pb,activo,EUNL.DE,5,2497.3440627089926,79632.90048747387,2497.3440627089926
B2_todas_las_barras_5pb,activo,EUNN.DE,7,1188.4775763846128,109792.21857665144,1188.4775763846128
B2_todas_las_barras_5pb,activo,EXH1.DE,7,222.75291553277282,105155.61623112205,222.75291553277282
B2_todas_las_barras_5pb,activo,EXSA.DE,10,3230.6381641662406,159042.50577432997,3230.6381641662406
B2_todas_las_barras_5pb,activo,EXV1.DE,6,956.5458344721746,69879.86796245258,956.5458344721746
B2_todas_las_barras_5pb,activo,GOOGL,2,-1615.199908850077,29617.855566185157,-1615.199908850077
B2_todas_las_barras_5pb,activo,GS,3,1391.0822321378585,34619.1499773144,1391.0822321378585
B2_todas_las_barras_5pb,activo,IBE.MC,4,113.7516845849209,57997.38277909283,113.7516845849209
B2_todas_las_barras_5pb,activo,ICGA.DE,5,-229.39171732424919,54333.13207008977,-229.39171732424919
B2_todas_las_barras_5pb,activo,IFX.DE,24,-2153.428162485885,269636.49704736413,-2153.428162485885
B2_todas_las_barras_5pb,activo,INTC,10,3223.140378846898,101179.51409569671,3223.140378846898
B2_todas_las_barras_5pb,activo,IQQK.DE,5,1460.4661381692954,57541.9223237696,1460.4661381692954
B2_todas_las_barras_5pb,activo,IQQT.DE,7,2418.9242398303777,123732.88098706209,2418.9242398303777
B2_todas_las_barras_5pb,activo,IS3N.DE,5,4876.394121780587,95013.33391452226,4876.394121780587
B2_todas_las_barras_5pb,activo,ITX.MC,6,-1266.762699451367,92180.39557107817,-1266.762699451367
B2_todas_las_barras_5pb,activo,LLY,2,-2599.041443077739,37343.271738349446,-2599.041443077739
B2_todas_las_barras_5pb,activo,LMT,2,4022.5650662301646,34729.38015646116,4022.5650662301646
B2_todas_las_barras_5pb,activo,MBG.DE,4,-134.46527004265465,32424.937493256133,-134.46527004265465
B2_todas_las_barras_5pb,activo,MC.PA,6,2805.419231068103,99338.09934871859,2805.419231068103
B2_todas_las_barras_5pb,activo,META,3,2096.2223841630907,26266.865959406845,2096.2223841630907
B2_todas_las_barras_5pb,activo,MRVL,14,660.0700285683015,103886.77470647136,660.0700285683015
B2_todas_las_barras_5pb,activo,MSFT,1,-995.0771036644323,15698.337652755938,-995.0771036644323
B2_todas_las_barras_5pb,activo,MU,9,-1544.12596335515,69978.80818528355,-1544.12596335515
B2_todas_las_barras_5pb,activo,MUV2.DE,6,926.9726910117353,94325.56386596477,926.9726910117353
B2_todas_las_barras_5pb,activo,NFLX,3,2631.7616023018218,25718.250831503872,2631.7616023018218
B2_todas_las_barras_5pb,activo,NOW,4,-288.09056261629564,36522.60385533547,-288.09056261629564
B2_todas_las_barras_5pb,activo,NVDA,4,5430.444325267336,39541.86332178446,5430.444325267336
B2_todas_las_barras_5pb,activo,OR.PA,3,1484.6368424707182,47810.38855332868,1484.6368424707182
B2_todas_las_barras_5pb,activo,ORCL,6,458.91597690449197,71098.94473423435,458.91597690449197
B2_todas_las_barras_5pb,activo,PANW,5,3184.5937111444473,42135.198835181836,3184.5937111444473
B2_todas_las_barras_5pb,activo,PLTR,19,2538.545520728655,122612.91129771202,2538.545520728655
B2_todas_las_barras_5pb,activo,Q8Y0.DE,4,-644.632172130046,84987.10234521235,-644.632172130046
B2_todas_las_barras_5pb,activo,QCOM,4,-3213.0171665954845,36248.39550449816,-3213.0171665954845
B2_todas_las_barras_5pb,activo,QDV5.DE,3,-1118.8328855582595,53621.070092561815,-1118.8328855582595
B2_todas_las_barras_5pb,activo,R6C0.DE,4,-944.2076468796562,46681.01529857268,-944.2076468796562
B2_todas_las_barras_5pb,activo,RACE.MI,7,6182.511216899445,92257.90792997467,6182.511216899445
B2_todas_las_barras_5pb,activo,RRU.DE,18,19215.507051064993,195209.60805434096,19215.507051064993
B2_todas_las_barras_5pb,activo,SAF.PA,3,-234.0222210110095,55054.016362133516,-234.0222210110095
B2_todas_las_barras_5pb,activo,SAP.DE,6,-546.6466208113527,90430.77749881163,-546.6466208113527
B2_todas_las_barras_5pb,activo,SIE.DE,6,-634.243817850795,95414.38582263608,-634.243817850795
B2_todas_las_barras_5pb,activo,SU.PA,9,3426.384755353605,118867.70929451191,3426.384755353605
B2_todas_las_barras_5pb,activo,SXR8.DE,5,-359.8089239800547,73484.22332573525,-359.8089239800547
B2_todas_las_barras_5pb,activo,TSLA,14,-158.8803982985056,93523.42167087582,-158.8803982985056
B2_todas_las_barras_5pb,activo,TSM,6,2344.703548942238,75970.1476929051,2344.703548942238
B2_todas_las_barras_5pb,activo,TTE.PA,8,917.778672343052,113882.40076267507,917.778672343052
B2_todas_las_barras_5pb,activo,UBER,3,719.5831475640608,28894.9444071646,719.5831475640608
B2_todas_las_barras_5pb,activo,V,4,-1429.1052766181674,56277.23901942224,-1429.1052766181674
B2_todas_las_barras_5pb,activo,VVSM.DE,10,1107.6862552043656,110748.97973315074,1107.6862552043656
B2_todas_las_barras_5pb,activo,XOM,4,-3026.340821921297,60947.28395686638,-3026.340821921297
B2_todas_las_barras_5pb,activo,ZPRR.DE,3,647.6629825882563,42686.04788972514,647.6629825882563
B2_todas_las_barras_5pb,resumen,top5,,81437.20067869725,,6857.T:25352.852842572902;RRU.DE:19215.507051064993;ENR.DE:13656.356298836967;APP:11730.40968991887;1810.HK:11482.074796303521
B2_todas_las_barras_5pb,resumen,top10,,114122.04250554228,,6857.T:25352.852842572902;RRU.DE:19215.507051064993;ENR.DE:13656.356298836967;APP:11730.40968991887;1810.HK:11482.074796303521;7011.T:8697.134776985775;ARM:6819.255602350072;RACE.MI:6182.511216899445;7203.T:5555.495905342398;NVDA:5430.444325267336
B2_todas_las_barras_5pb,resumen,bottom5,,-15412.178376146656,,0700.HK:-3485.409023116039;QCOM:-3213.0171665954845;XOM:-3026.340821921297;AIR.PA:-2977.3721155430003;AVGO:-2710.0392489708347
B2_todas_las_barras_5pb,resumen,fraccion_top5,,,,0.5452700481535584
B2_todas_las_barras_5pb,resumen,fraccion_top10,,,,0.7641143248267032
B2_todas_las_barras_5pb,resumen,activos_contribucion_positiva,,,,51
B2_todas_las_barras_5pb,resumen,activos_contribucion_negativa,,,,34
S2_todas_las_barras_5pb,activo,0700.HK,31,1161.1996815630814,404423.2089270875,1161.1996815630814
S2_todas_las_barras_5pb,activo,1810.HK,39,3092.2447559463053,438159.06090671563,3092.2447559463053
S2_todas_las_barras_5pb,activo,6501.T,41,16105.358453923604,574537.515294054,16105.358453923604
S2_todas_las_barras_5pb,activo,6758.T,44,1563.174357679029,681828.5697072481,1563.174357679029
S2_todas_las_barras_5pb,activo,6857.T,49,16573.35625145369,504695.5686563979,16573.35625145369
S2_todas_las_barras_5pb,activo,7011.T,36,4395.383876640852,424990.97814061027,4395.383876640852
S2_todas_las_barras_5pb,activo,7203.T,43,3138.0770895769483,712257.347598538,3138.0770895769483
S2_todas_las_barras_5pb,activo,8035.T,40,17832.230830216668,509734.1049537606,17832.230830216668
S2_todas_las_barras_5pb,activo,9988.HK,33,-2859.8839504192515,386385.87606581283,-2859.8839504192515
S2_todas_las_barras_5pb,activo,AAPL,3,-857.4818152808464,44680.06408199154,-857.4818152808464
S2_todas_las_barras_5pb,activo,ABBV,3,-1802.17864049606,54007.06602152207,-1802.17864049606
S2_todas_las_barras_5pb,activo,ADBE,8,610.7359220252774,121590.47888235241,610.7359220252774
S2_todas_las_barras_5pb,activo,ADYEN.AS,21,-3509.820562485984,244379.77799395332,-3509.820562485984
S2_todas_las_barras_5pb,activo,AIR.PA,11,1308.6580991127262,141480.81744585978,1308.6580991127262
S2_todas_las_barras_5pb,activo,ALV.DE,4,-728.4730173073993,69824.69384245801,-728.4730173073993
S2_todas_las_barras_5pb,activo,AMAT,2,1911.820852859512,20748.520464825153,1911.820852859512
S2_todas_las_barras_5pb,activo,AMD,14,12976.969308570646,141769.60972001287,12976.969308570646
S2_todas_las_barras_5pb,activo,AMZN,1,1783.6598263014237,14787.898568451936,1783.6598263014237
S2_todas_las_barras_5pb,activo,APP,23,4395.013867864884,164472.87746654399,4395.013867864884
S2_todas_las_barras_5pb,activo,ARM,12,-3492.4683072604184,84525.02531426793,-3492.4683072604184
S2_todas_las_barras_5pb,activo,ASML.AS,16,4101.002681625736,181479.31141019502,4101.002681625736
S2_todas_las_barras_5pb,activo,AVGO,3,4280.589770463283,24263.59991103011,4280.589770463283
S2_todas_las_barras_5pb,activo,AZN,1,2678.5348866755176,26547.054373459523,2678.5348866755176
S2_todas_las_barras_5pb,activo,BBVA.MC,12,4589.191383172761,168626.09851472673,4589.191383172761
S2_todas_las_barras_5pb,activo,BRK-B,1,23.335904047920287,16071.22193733574,23.335904047920287
S2_todas_las_barras_5pb,activo,BSP.DE,13,-4032.2877483974366,205609.62468116835,-4032.2877483974366
S2_todas_las_barras_5pb,activo,CAT,7,-132.9446449112736,82909.37814745618,-132.9446449112736
S2_todas_las_barras_5pb,activo,COIN,33,6342.422098467777,184997.8591472895,6342.422098467777
S2_todas_las_barras_5pb,activo,CRM,4,-90.4438925599377,59568.854246953335,-90.4438925599377
S2_todas_las_barras_5pb,activo,CRWD,6,4755.447534453244,55467.1148033515,4755.447534453244
S2_todas_las_barras_5pb,activo,CVX,1,-1272.6479081894772,26306.275671113162,-1272.6479081894772
S2_todas_las_barras_5pb,activo,DBK.DE,9,6339.800046315244,95756.63393959726,6339.800046315244
S2_todas_las_barras_5pb,activo,DTE.DE,5,363.45545220453414,88094.51584635049,363.45545220453414
S2_todas_las_barras_5pb,activo,ENI.MI,12,2048.1612939335746,212020.20101350933,2048.1612939335746
S2_todas_las_barras_5pb,activo,ENR.DE,28,9044.518426575238,280253.40538245265,9044.518426575238
S2_todas_las_barras_5pb,activo,EQQQ.DE,2,-845.4115404242898,39093.99559782009,-845.4115404242898
S2_todas_las_barras_5pb,activo,EUNH.DE,4,519.1681825317504,65939.38958113987,519.1681825317504
S2_todas_las_barras_5pb,activo,EUNL.DE,5,1731.1410569072766,80834.02726259144,1731.1410569072766
S2_todas_las_barras_5pb,activo,EUNN.DE,9,-1901.3382789768661,156069.1600316776,-1901.3382789768661
S2_todas_las_barras_5pb,activo,EXH1.DE,8,410.1790211747607,121466.72917585551,410.1790211747607
S2_todas_las_barras_5pb,activo,EXSA.DE,9,-93.98814762114347,135062.36595178972,-93.98814762114347
S2_todas_las_barras_5pb,activo,EXV1.DE,11,2864.4615040959943,182469.80525331837,2864.4615040959943
S2_todas_las_barras_5pb,activo,GOOGL,1,2246.2967743146373,16884.59596008246,2246.2967743146373
S2_todas_las_barras_5pb,activo,GS,1,1427.284032715934,15873.677290151712,1427.284032715934
S2_todas_las_barras_5pb,activo,IBE.MC,8,-205.65836084612715,143045.16469278905,-205.65836084612715
S2_todas_las_barras_5pb,activo,ICGA.DE,9,385.9443733094462,139148.8133204633,385.9443733094462
S2_todas_las_barras_5pb,activo,IFX.DE,18,6056.58739301701,220713.2609620964,6056.58739301701
S2_todas_las_barras_5pb,activo,INFY,2,-822.3196363791624,24768.010900555422,-822.3196363791624
S2_todas_las_barras_5pb,activo,INTC,11,2748.164486831789,104659.88735403586,2748.164486831789
S2_todas_las_barras_5pb,activo,IQQK.DE,9,2507.39456774593,110826.44333823961,2507.39456774593
S2_todas_las_barras_5pb,activo,IQQT.DE,6,-3070.533849172633,99943.69504345227,-3070.533849172633
S2_todas_las_barras_5pb,activo,IS3N.DE,7,3466.3913128738504,114033.32510035641,3466.3913128738504
S2_todas_las_barras_5pb,activo,ITX.MC,4,938.9886402043581,57130.90546816366,938.9886402043581
S2_todas_las_barras_5pb,activo,LLY,5,-467.6841321307166,73142.49776297147,-467.6841321307166
S2_todas_las_barras_5pb,activo,LMT,4,1832.461915946883,73205.34842993642,1832.461915946883
S2_todas_las_barras_5pb,activo,MA,1,-257.88050302617876,23001.65264294873,-257.88050302617876
S2_todas_las_barras_5pb,activo,MBG.DE,12,750.8298040997536,209398.53402718846,750.8298040997536
S2_todas_las_barras_5pb,activo,MC.PA,13,-4744.495346070176,216709.6722756207,-4744.495346070176
S2_todas_las_barras_5pb,activo,META,5,5807.626257749198,50588.378373254964,5807.626257749198
S2_todas_las_barras_5pb,activo,MRVL,16,6705.663647760048,137257.66713511117,6705.663647760048
S2_todas_las_barras_5pb,activo,MSFT,2,-1899.3960537482476,30064.57282784461,-1899.3960537482476
S2_todas_las_barras_5pb,activo,MU,12,8226.696575762779,110366.0958223862,8226.696575762779
S2_todas_las_barras_5pb,activo,MUV2.DE,4,2251.199792254848,61522.35431152447,2251.199792254848
S2_todas_las_barras_5pb,activo,NFLX,4,4833.119551714038,51435.520151527715,4833.119551714038
S2_todas_las_barras_5pb,activo,NOW,6,3870.8562654315556,51284.673946507806,3870.8562654315556
S2_todas_las_barras_5pb,activo,NVDA,12,-2603.8823727938625,108896.88336647424,-2603.8823727938625
S2_todas_las_barras_5pb,activo,OR.PA,6,-595.3368477553834,89887.50624781412,-595.3368477553834
S2_todas_las_barras_5pb,activo,ORCL,7,-1133.6620323567436,62929.93316104902,-1133.6620323567436
S2_todas_las_barras_5pb,activo,PANW,5,8374.067796768843,69924.13439222271,8374.067796768843
S2_todas_las_barras_5pb,activo,PLTR,23,13207.010851369947,162693.61530555505,13207.010851369947
S2_todas_las_barras_5pb,activo,Q8Y0.DE,1,-261.03565892325935,26090.078180158056,-261.03565892325935
S2_todas_las_barras_5pb,activo,QCOM,7,-1306.3505877556022,84137.6273289958,-1306.3505877556022
S2_todas_las_barras_5pb,activo,QDV5.DE,6,-1873.7064535182158,104051.88989337528,-1873.7064535182158
S2_todas_las_barras_5pb,activo,R6C0.DE,8,-202.41893080041098,85227.52981300844,-202.41893080041098
S2_todas_las_barras_5pb,activo,RACE.MI,9,-1254.7065586460794,143966.38943374724,-1254.7065586460794
S2_todas_las_barras_5pb,activo,RRU.DE,16,16044.096874550281,163306.2769380727,16044.096874550281
S2_todas_las_barras_5pb,activo,SAF.PA,6,-333.833642434832,131099.57090355328,-333.833642434832
S2_todas_las_barras_5pb,activo,SAP.DE,8,1523.3854444356284,126094.91734874042,1523.3854444356284
S2_todas_las_barras_5pb,activo,SIE.DE,7,-645.6803490331289,109831.30167771757,-645.6803490331289
S2_todas_las_barras_5pb,activo,SU.PA,11,2559.48634799518,167567.99230528364,2559.48634799518
S2_todas_las_barras_5pb,activo,SXR8.DE,3,-143.69853234188997,33898.75537955809,-143.69853234188997
S2_todas_las_barras_5pb,activo,TSLA,16,-8329.818854991297,125324.88471300215,-8329.818854991297
S2_todas_las_barras_5pb,activo,TSM,5,5817.8863079829825,62210.70886009056,5817.8863079829825
S2_todas_las_barras_5pb,activo,TTE.PA,6,-2157.342526436013,100699.60847415989,-2157.342526436013
S2_todas_las_barras_5pb,activo,UBER,4,-201.67859444673059,29852.303216622608,-201.67859444673059
S2_todas_las_barras_5pb,activo,V,3,2970.1181861639184,59229.24022810327,2970.1181861639184
S2_todas_las_barras_5pb,activo,VRTX,2,2754.3972883742845,29140.176232467784,2754.3972883742845
S2_todas_las_barras_5pb,activo,VVSM.DE,10,-6155.618655814319,134233.0235900105,-6155.618655814319
S2_todas_las_barras_5pb,activo,XOM,4,997.2334764463329,51349.47847194606,997.2334764463329
S2_todas_las_barras_5pb,activo,ZPRR.DE,4,-610.0121175102101,64340.82853426985,-610.0121175102101
S2_todas_las_barras_5pb,resumen,top5,,79762.05326151419,,8035.T:17832.230830216668;6857.T:16573.35625145369;6501.T:16105.358453923604;RRU.DE:16044.096874550281;PLTR:13207.010851369947
S2_todas_las_barras_5pb,resumen,top10,,125089.96901695174,,8035.T:17832.230830216668;6857.T:16573.35625145369;6501.T:16105.358453923604;RRU.DE:16044.096874550281;PLTR:13207.010851369947;AMD:12976.969308570646;ENR.DE:9044.518426575238;PANW:8374.067796768843;MU:8226.696575762779;MRVL:6705.663647760048
S2_todas_las_barras_5pb,resumen,bottom5,,-26772.041167759213,,TSLA:-8329.818854991297;VVSM.DE:-6155.618655814319;MC.PA:-4744.495346070176;BSP.DE:-4032.2877483974366;ADYEN.AS:-3509.820562485984
S2_todas_las_barras_5pb,resumen,fraccion_top5,,,,0.43267495320032917
S2_todas_las_barras_5pb,resumen,fraccion_top10,,,,0.678559468783825
S2_todas_las_barras_5pb,resumen,activos_contribucion_positiva,,,,54
S2_todas_las_barras_5pb,resumen,activos_contribucion_negativa,,,,36
benchmark_5pb,activo,0700.HK,,211.2546496864295,,211.2546496864295
benchmark_5pb,activo,1810.HK,,1239.655356479044,,1239.655356479044
benchmark_5pb,activo,6501.T,,2489.3945338300455,,2489.3945338300455
benchmark_5pb,activo,6758.T,,373.1386383837564,,373.1386383837564
benchmark_5pb,activo,6857.T,,14624.75506019875,,14624.75506019875
benchmark_5pb,activo,7011.T,,5433.208624769238,,5433.208624769238
benchmark_5pb,activo,7203.T,,284.642598238308,,284.642598238308
benchmark_5pb,activo,8035.T,,1933.0458999230548,,1933.0458999230548
benchmark_5pb,activo,9988.HK,,130.5843852979865,,130.5843852979865
benchmark_5pb,activo,AAPL,,1287.9984870407995,,1287.9984870407995
benchmark_5pb,activo,ABBV,,1034.125843924511,,1034.125843924511
benchmark_5pb,activo,ADBE,,-336.8745691685232,,-336.8745691685232
benchmark_5pb,activo,ADYEN.AS,,-144.13002578073292,,-144.13002578073292
benchmark_5pb,activo,AIR.PA,,1344.3359587682214,,1344.3359587682214
benchmark_5pb,activo,ALV.DE,,2142.1699950058746,,2142.1699950058746
benchmark_5pb,activo,AMAT,,3991.737057040895,,3991.737057040895
benchmark_5pb,activo,AMD,,4312.591201166022,,4312.591201166022
benchmark_5pb,activo,AMZN,,1335.1000379951345,,1335.1000379951345
benchmark_5pb,activo,APP,,8066.43115177694,,8066.43115177694
benchmark_5pb,activo,ARM,,782.4299297243649,,782.4299297243649
benchmark_5pb,activo,ASML.AS,,2423.855985490877,,2423.855985490877
benchmark_5pb,activo,AVGO,,6466.4016044388445,,6466.4016044388445
benchmark_5pb,activo,AZN,,406.93066040211465,,406.93066040211465
benchmark_5pb,activo,BBVA.MC,,7164.281604750686,,7164.281604750686
benchmark_5pb,activo,BRK-B,,664.8090077921343,,664.8090077921343
benchmark_5pb,activo,BSP.DE,,2195.999039186466,,2195.999039186466
benchmark_5pb,activo,CAT,,3078.627409801461,,3078.627409801461
benchmark_5pb,activo,COIN,,2501.9564994695247,,2501.9564994695247
benchmark_5pb,activo,CRM,,400.57480232327134,,400.57480232327134
benchmark_5pb,activo,CRWD,,4702.329031161093,,4702.329031161093
benchmark_5pb,activo,CVX,,278.83250374785644,,278.83250374785644
benchmark_5pb,activo,DBK.DE,,3500.774812139288,,3500.774812139288
benchmark_5pb,activo,DTE.DE,,871.9092811656808,,871.9092811656808
benchmark_5pb,activo,ENI.MI,,1374.058278554029,,1374.058278554029
benchmark_5pb,activo,ENR.DE,,9197.193385364799,,9197.193385364799
benchmark_5pb,activo,EQQQ.DE,,1482.4621739611289,,1482.4621739611289
benchmark_5pb,activo,EUNH.DE,,36.07803130829598,,36.07803130829598
benchmark_5pb,activo,EUNL.DE,,940.2248945508243,,940.2248945508243
benchmark_5pb,activo,EUNN.DE,,865.948389846958,,865.948389846958
benchmark_5pb,activo,EXH1.DE,,927.5712255425813,,927.5712255425813
benchmark_5pb,activo,EXSA.DE,,841.0272683926803,,841.0272683926803
benchmark_5pb,activo,EXV1.DE,,3391.7665591311634,,3391.7665591311634
benchmark_5pb,activo,GOOGL,,2097.201174791313,,2097.201174791313
benchmark_5pb,activo,GS,,2907.6207113780956,,2907.6207113780956
benchmark_5pb,activo,IBE.MC,,1566.9699132598555,,1566.9699132598555
benchmark_5pb,activo,ICGA.DE,,53.881643813906294,,53.881643813906294
benchmark_5pb,activo,IFX.DE,,1510.254845487745,,1510.254845487745
benchmark_5pb,activo,INFY,,-370.4998544230208,,-370.4998544230208
benchmark_5pb,activo,INTC,,1447.1311380376526,,1447.1311380376526
benchmark_5pb,activo,IQQK.DE,,2058.2534548376952,,2058.2534548376952
benchmark_5pb,activo,IQQT.DE,,1952.6707650764674,,1952.6707650764674
benchmark_5pb,activo,IS3N.DE,,734.0422989469905,,734.0422989469905
benchmark_5pb,activo,ITX.MC,,2160.5734127353408,,2160.5734127353408
benchmark_5pb,activo,LLY,,3075.7357405626462,,3075.7357405626462
benchmark_5pb,activo,LMT,,364.98283096540763,,364.98283096540763
benchmark_5pb,activo,MA,,775.028647768881,,775.028647768881
benchmark_5pb,activo,MBG.DE,,-23.292695275343476,,-23.292695275343476
benchmark_5pb,activo,MC.PA,,-144.30118212166485,,-144.30118212166485
benchmark_5pb,activo,META,,2339.461931652675,,2339.461931652675
benchmark_5pb,activo,MRVL,,3818.571907606054,,3818.571907606054
benchmark_5pb,activo,MSFT,,1022.0108725760394,,1022.0108725760394
benchmark_5pb,activo,MU,,14899.14584252178,,14899.14584252178
benchmark_5pb,activo,MUV2.DE,,1895.926802885,,1895.926802885
benchmark_5pb,activo,NFLX,,3566.7773971420884,,3566.7773971420884
benchmark_5pb,activo,NOW,,446.70203072151617,,446.70203072151617
benchmark_5pb,activo,NVDA,,13342.309275552967,,13342.309275552967
benchmark_5pb,activo,OR.PA,,362.8997582222232,,362.8997582222232
benchmark_5pb,activo,ORCL,,1110.1640004575368,,1110.1640004575368
benchmark_5pb,activo,PANW,,3630.9842139184184,,3630.9842139184184
benchmark_5pb,activo,PLTR,,22796.064832670585,,22796.064832670585
benchmark_5pb,activo,Q8Y0.DE,,374.55455105881015,,374.55455105881015
benchmark_5pb,activo,QCOM,,266.05929649833797,,266.05929649833797
benchmark_5pb,activo,QDV5.DE,,216.5209103522459,,216.5209103522459
benchmark_5pb,activo,R6C0.DE,,757.6302988357079,,757.6302988357079
benchmark_5pb,activo,RACE.MI,,1341.5862538587992,,1341.5862538587992
benchmark_5pb,activo,RRU.DE,,18535.860181279222,,18535.860181279222
benchmark_5pb,activo,SAF.PA,,3323.1744846230285,,3323.1744846230285
benchmark_5pb,activo,SAP.DE,,1396.2052958908969,,1396.2052958908969
benchmark_5pb,activo,SIE.DE,,2014.8641897470277,,2014.8641897470277
benchmark_5pb,activo,SU.PA,,1820.9932517354234,,1820.9932517354234
benchmark_5pb,activo,SXR8.DE,,1007.2924465557655,,1007.2924465557655
benchmark_5pb,activo,TSLA,,505.508303707614,,505.508303707614
benchmark_5pb,activo,TSM,,4135.983922712521,,4135.983922712521
benchmark_5pb,activo,TTE.PA,,831.9465080821353,,831.9465080821353
benchmark_5pb,activo,UBER,,2412.4998380429743,,2412.4998380429743
benchmark_5pb,activo,V,,912.9422784363612,,912.9422784363612
benchmark_5pb,activo,VRTX,,1099.6693346281252,,1099.6693346281252
benchmark_5pb,activo,VVSM.DE,,3984.3295060840974,,3984.3295060840974
benchmark_5pb,activo,XOM,,726.9446104294625,,726.9446104294625
benchmark_5pb,activo,ZPRR.DE,,684.273145961447,,684.273145961447
benchmark_5pb,resumen,top5,,84198.1351922233,,PLTR:22796.064832670585;RRU.DE:18535.860181279222;MU:14899.14584252178;6857.T:14624.75506019875;NVDA:13342.309275552967
benchmark_5pb,resumen,top10,,120525.65156332382,,PLTR:22796.064832670585;RRU.DE:18535.860181279222;MU:14899.14584252178;6857.T:14624.75506019875;NVDA:13342.309275552967;ENR.DE:9197.193385364799;APP:8066.43115177694;BBVA.MC:7164.281604750686;AVGO:6466.4016044388445;7011.T:5433.208624769238
benchmark_5pb,resumen,bottom5,,-1019.0983267692852,,INFY:-370.4998544230208;ADBE:-336.8745691685232;MC.PA:-144.30118212166485;ADYEN.AS:-144.13002578073292;MBG.DE:-23.292695275343476
benchmark_5pb,resumen,fraccion_top5,,,,0.35083240806590055
benchmark_5pb,resumen,fraccion_top10,,,,0.5022000128047732
benchmark_5pb,resumen,activos_contribucion_positiva,,,,85
benchmark_5pb,resumen,activos_contribucion_negativa,,,,5
B2_primaria_5pb,top10_benchmark,activos_operados,10,,,
B2_primaria_5pb,top10_benchmark,fraccion_pnl,,41038.84069889032,,0.4073777784248105
B2_primaria_5pb,top10_benchmark,notional_asignado,,,1086184.6063344416,
B2_primaria_5pb,top10_benchmark,fraccion_notional,,,1086184.6063344416,0.13688707546868334
B2_primaria_5pb,top10_benchmark,peso_inicial_benchmark,,,,0.0848487868302192
S2_primaria_5pb,top10_benchmark,activos_operados,10,,,
S2_primaria_5pb,top10_benchmark,fraccion_pnl,,25985.068083964787,,0.32301319621026414
S2_primaria_5pb,top10_benchmark,notional_asignado,,,736933.754958308,
S2_primaria_5pb,top10_benchmark,fraccion_notional,,,736933.754958308,0.13028138593596592
S2_primaria_5pb,top10_benchmark,peso_inicial_benchmark,,,,0.0848487868302192
B2_primaria_5pb,top20_benchmark,activos_operados,19,,,
B2_primaria_5pb,top20_benchmark,fraccion_pnl,,52644.259198038795,,0.5225805844826615
B2_primaria_5pb,top20_benchmark,notional_asignado,,,1954087.390495397,
B2_primaria_5pb,top20_benchmark,fraccion_notional,,,1954087.390495397,0.24626505157152317
B2_primaria_5pb,top20_benchmark,peso_inicial_benchmark,,,,0.27361534829217804
S2_primaria_5pb,top20_benchmark,activos_operados,20,,,
S2_primaria_5pb,top20_benchmark,fraccion_pnl,,38334.62874944722,,0.4765271700609491
S2_primaria_5pb,top20_benchmark,notional_asignado,,,1542603.7376061704,
S2_primaria_5pb,top20_benchmark,fraccion_notional,,,1542603.7376061704,0.27271454392356204
S2_primaria_5pb,top20_benchmark,peso_inicial_benchmark,,,,0.27361534829217804
