corrida,dimension,clave,operaciones,notional_entrada_eur,pnl_neto_eur,fraccion_total,exposicion_media_publicada,activos
B2_primaria_5pb,region,ASIA,179.0,2049232.5968969325,32058.62780989518,0.3182344421560642,0.18760407232797527,
B2_primaria_5pb,region,EMERGING_MARKETS,7.0,110939.0767011014,3109.001133143642,0.030861933552974907,0.009955941059953323,
B2_primaria_5pb,region,EUROPA,246.0,3237083.1821794617,29018.799654882154,0.2880591638223397,0.3640138500558733,
B2_primaria_5pb,region,GLOBAL,27.0,397799.0201199042,-2355.6975068821403,-0.023384159997006444,0.03294549059643736,
B2_primaria_5pb,region,USA,214.0,2139841.384414711,38908.29512088016,0.3862286204656274,0.24257521742767227,
B2_primaria_5pb,sector,BOND_ETF,6.0,93412.962067327,-335.9623272818922,-0.0033349769192244044,0.009404542890335252,
B2_primaria_5pb,sector,Communication Services,37.0,377553.9516084085,6839.40565683745,0.06789231456783965,0.034262426744104374,
B2_primaria_5pb,sector,Consumer Cyclical,47.0,542289.7829539704,14840.463742186199,0.1473159340548632,0.07106891111887108,
B2_primaria_5pb,sector,Consumer Defensive,7.0,108394.13560236341,-3863.466269252648,-0.03835123699851229,0.009292368174168045,
B2_primaria_5pb,sector,EQUITY_ETF,132.0,1900915.6726771134,6617.739653530869,0.06569191605653903,0.16142277260419347,
B2_primaria_5pb,sector,Energy,31.0,467723.196351192,4390.173186121746,0.04357966670122844,0.04199888570626184,
B2_primaria_5pb,sector,Financial Services,64.0,764245.192103241,14619.053401854357,0.14511807341775448,0.1024301844972841,
B2_primaria_5pb,sector,Healthcare,17.0,235711.73914916487,-7106.094726957202,-0.07053964083401512,0.019173240895423074,
B2_primaria_5pb,sector,Industrials,104.0,1204025.5033075996,8531.293614610502,0.08468707645300938,0.13574533750263398,
B2_primaria_5pb,sector,Technology,218.0,2084194.0091086011,52275.776432446786,0.5189227888949133,0.23357465271014868,
B2_primaria_5pb,sector,Utilities,10.0,156429.11538312963,3930.64384782284,0.03901808460560425,0.018721248624487603,
B2_primaria_5pb,divisa_cotizacion,EUR,341.0,4599784.579279161,34965.418982919764,0.3470891103251781,0.4808976113162526,
B2_primaria_5pb,divisa_cotizacion,HKD,35.0,314949.3378394064,8450.157863859291,0.0838816711021523,0.02595948567909201,
B2_primaria_5pb,divisa_cotizacion,JPY,93.0,1034915.2708827665,19629.24130140728,0.19485240268368637,0.10200542553031725,
B2_primaria_5pb,divisa_cotizacion,USD,204.0,1985246.0723107771,37694.208063732665,0.3741768158889831,0.2282320489422497,
S2_primaria_5pb,region,ASIA,137.0,1483691.2594875118,11607.533745106757,0.14429004238165352,0.13355512702091488,
S2_primaria_5pb,region,EMERGING_MARKETS,7.0,99159.5518648066,-2772.750081857415,-0.03446728957334253,0.012147918988611494,
S2_primaria_5pb,region,EUROPA,160.0,1861415.2679456542,35086.02736980716,0.436144704582702,0.22478854057486972,
S2_primaria_5pb,region,GLOBAL,21.0,267049.84067033074,1712.0517810637875,0.02128204229028561,0.022403643158306143,
S2_primaria_5pb,region,USA,203.0,1945161.7853004697,34812.97775472727,0.4327505003187014,0.21246046390777948,
S2_primaria_5pb,sector,BOND_ETF,4.0,51279.688533559354,-381.20770602281544,-0.004738687585675338,0.004589487498145223,
S2_primaria_5pb,sector,Communication Services,22.0,209413.80893015012,5015.919566964899,0.06235150918302792,0.02432595535083665,
S2_primaria_5pb,sector,Consumer Cyclical,35.0,380887.1530232052,4105.15844814445,0.05103008954988981,0.04360081743555453,
S2_primaria_5pb,sector,Consumer Defensive,3.0,47162.19012711728,-2591.0574952656684,-0.03220871926930985,0.00472931042476231,
S2_primaria_5pb,sector,EQUITY_ETF,105.0,1372944.2492840986,6156.637665949564,0.07653146045109142,0.12122929306955622,
S2_primaria_5pb,sector,Energy,14.0,193668.15312430199,-789.7233633554473,-0.009816832763150537,0.021310734593791965,
S2_primaria_5pb,sector,Financial Services,38.0,419230.29296653945,15698.955103205886,0.1951493699636382,0.0606061822805077,
S2_primaria_5pb,sector,Healthcare,27.0,315693.11533105734,3802.5615302421284,0.04726859093464007,0.041159852705158935,
S2_primaria_5pb,sector,Industrials,77.0,790743.36548006,10725.603551691522,0.133327012010177,0.09380097679010281,
S2_primaria_5pb,sector,Technology,198.0,1818085.4211256977,38074.445374638075,0.473292902472105,0.18139905122108488,
S2_primaria_5pb,sector,Utilities,5.0,57370.267342986255,628.5478926549655,0.0078133050535663,0.008604032280980455,
S2_primaria_5pb,divisa_cotizacion,EUR,239.0,2899448.7450466077,33559.14211623542,0.41716441619519995,0.31065905392350907,
S2_primaria_5pb,divisa_cotizacion,HKD,16.0,119065.31420084937,6718.718598822844,0.08351853310641706,0.014936953912227002,
S2_primaria_5pb,divisa_cotizacion,JPY,64.0,655642.2728577941,76.28989213045452,0.0009483385541252903,0.06191331294615835,
S2_primaria_5pb,divisa_cotizacion,USD,209.0,1982321.3731635222,40091.68996165881,0.4983687121442574,0.21784637286858724,
C0_primaria_5pb,region,ASIA,155.0,1789053.1803386488,1845.4643895421914,0.03795012475516222,0.10954554567663095,
C0_primaria_5pb,region,EMERGING_MARKETS,11.0,143111.23524182252,-2152.5913999587733,-0.044265883773346636,0.007602465035120402,
C0_primaria_5pb,region,EUROPA,197.0,2318426.1319230953,26074.02751037124,0.5361862317666238,0.20668215893040745,
C0_primaria_5pb,region,GLOBAL,27.0,343012.3941250809,2500.683493634793,0.051424048653768754,0.022211486074657207,
C0_primaria_5pb,region,USA,233.0,2440287.9910150003,20361.09381572814,0.4187054785977918,0.1852804630418469,
C0_primaria_5pb,sector,BOND_ETF,3.0,36505.10163232977,-307.60638012893077,-0.006325616775663006,0.003071462565185374,
C0_primaria_5pb,sector,Communication Services,31.0,327681.6196298838,7177.4633869309655,0.1475973378317046,0.019923718961846755,
C0_primaria_5pb,sector,Consumer Cyclical,42.0,484104.6969405786,-2102.8964405397815,-0.04324395676118613,0.046889614346609584,
C0_primaria_5pb,sector,Consumer Defensive,4.0,53178.85765134222,-1393.5295468117938,-0.028656537861796106,0.002269875181198677,
C0_primaria_5pb,sector,EQUITY_ETF,132.0,1664886.6009388424,12153.8439257386,0.2499316138801092,0.10067921586870798,
C0_primaria_5pb,sector,Energy,18.0,220318.71671680795,-1461.6233538522283,-0.030056818727079826,0.015472520628242194,
C0_primaria_5pb,sector,Financial Services,54.0,613869.0781972096,16545.657565202433,0.34024485777880165,0.06654183277685705,
C0_primaria_5pb,sector,Healthcare,33.0,392970.5182509209,-3559.0235287935247,-0.0731877502972452,0.028232507948798453,
C0_primaria_5pb,sector,Industrials,96.0,1082879.704238565,5138.531197752844,0.10566874176390345,0.08810506207253328,
C0_primaria_5pb,sector,Technology,205.0,2101706.0337306554,16045.232942161892,0.3299541271732359,0.1556597955718762,
C0_primaria_5pb,sector,Utilities,5.0,55790.004716511045,392.62804165712447,0.008074001995215551,0.004476512836807352,
C0_primaria_5pb,divisa_cotizacion,EUR,300.0,3620351.9844042575,36791.616509931475,0.7565827031982749,0.28717472280748113,
C0_primaria_5pb,divisa_cotizacion,HKD,18.0,167065.8797332847,4489.938480380902,0.09233108286404196,0.013814312173286042,
C0_primaria_5pb,divisa_cotizacion,JPY,71.0,806433.9165081263,-10976.718973191211,-0.2257252195141525,0.05418855620625057,
C0_primaria_5pb,divisa_cotizacion,USD,234.0,2440039.1519979797,18323.841792196436,0.37681143345183565,0.17614452757164517,
benchmark_5pb,region,ASIA,,,35632.43897902338,0.14847139243324536,,16.0
benchmark_5pb,region,EMERGING_MARKETS,,,734.0422989469905,0.003058569251847135,,1.0
benchmark_5pb,region,EUROPA,,,73025.11337866742,0.30427724221485575,,30.0
benchmark_5pb,region,GLOBAL,,,5299.108951693732,0.022080051415414147,,3.0
benchmark_5pb,region,USA,,,125304.61397477919,0.5221127446846375,,40.0
benchmark_5pb,sector,BOND_ETF,,,36.07803130829598,0.0001503280633623283,,1.0
benchmark_5pb,sector,Communication Services,,,17153.035586215126,0.0714723760403159,,6.0
benchmark_5pb,sector,Consumer Cyclical,,,5590.401114436175,0.023293792440347134,,8.0
benchmark_5pb,sector,Consumer Defensive,,,362.8997582222232,0.0015121118273340917,,1.0
benchmark_5pb,sector,EQUITY_ETF,,,19514.81923411276,0.08131333323765681,,15.0
benchmark_5pb,sector,Energy,,,3969.412199649191,0.016539540186131244,,5.0
benchmark_5pb,sector,Financial Services,,,22465.51035962584,0.09360811946610584,,9.0
benchmark_5pb,sector,Healthcare,,,5616.461579517397,0.02340237983006651,,4.0
benchmark_5pb,sector,Industrials,,,49798.63389007034,0.20749835618282428,,11.0
benchmark_5pb,sector,Technology,,,113921.09591669352,0.4746804940360658,,29.0
benchmark_5pb,sector,Utilities,,,1566.9699132598555,0.006529168689790006,,1.0
benchmark_5pb,divisa_cotizacion,EUR,,,86972.63689931162,0.36239305739451716,,41.0
benchmark_5pb,divisa_cotizacion,HKD,,,1581.49439146346,0.006589688529718027,,3.0
benchmark_5pb,divisa_cotizacion,JPY,,,25138.185355343154,0.10474448255282215,,6.0
benchmark_5pb,divisa_cotizacion,USD,,,126303.00093699247,0.5262727715229425,,40.0
