corrida,componente,valor_eur,frac_capital_inicial,frac_beneficio_neto_final,brecha_final_eur,frac_abs_brecha,motivo
B2_primaria_5pb,comisiones,15976.310175052253,0.15976310175052252,0.15859107215751495,-139256.29137119142,0.11472594895168481,
B2_primaria_5pb,slippage,7988.183714484769,0.07988183714484769,0.07929582024825681,-139256.29137119142,0.05736318004614993,
B2_primaria_5pb,dividendos,10195.681958940517,0.10195681958940517,0.10120885958826349,-139256.29137119142,0.0732152340016269,
B2_primaria_5pb,fx,-8858.992055660408,-0.08858992055660408,-0.08794002075247617,-139256.29137119142,-0.06361645831890299,
S2_primaria_5pb,comisiones,11399.188546067066,0.11399188546067066,0.14170016082200507,-159549.47701426307,0.0714461041138231,
S2_primaria_5pb,slippage,5699.617256221077,0.05699617256221077,0.07085036610865181,-159549.47701426307,0.03572319610744668,
S2_primaria_5pb,dividendos,5611.893585395309,0.05611893585395309,0.06975989741312377,-159549.47701426307,0.035173374995730186,
S2_primaria_5pb,fx,-3006.01192229321,-0.0300601192229321,-0.03736690301247575,-159549.47701426307,-0.01884062535676306,
C0_primaria_5pb,comisiones,14124.906409241768,0.1412490640924177,0.29046453750250495,-191366.6397737929,0.073810704028342,
C0_primaria_5pb,slippage,7062.469251373382,0.07062469251373382,0.14523259873662778,-191366.6397737929,0.03690543586761858,
C0_primaria_5pb,dividendos,5629.040264084641,0.056290402640846414,0.11575556888791401,-191366.6397737929,0.029414950645203948,
C0_primaria_5pb,fx,-2778.482524979797,-0.02778482524979797,-0.05713670718901221,-191366.6397737929,-0.01451915824129082,
B2_todas_las_barras_5pb,comisiones,21482.899541896742,0.2148289954189674,0.14384067195414169,-90643.26541287472,0.23700491640546492,
B2_todas_las_barras_5pb,slippage,10741.49314689159,0.1074149314689159,0.07192062640457142,-90643.26541287472,0.11850293673738167,
B2_todas_las_barras_5pb,dividendos,8072.667158767741,0.0807266715876774,0.05405126371860147,-90643.26541287472,0.08905975664046543,
B2_todas_las_barras_5pb,fx,-18432.401876565724,-0.18432401876565724,-0.12341579247639621,-90643.26541287472,-0.20335103543111804,
S2_todas_las_barras_5pb,comisiones,25578.27770907019,0.2557827770907019,0.1387511938093114,-55648.95625217352,0.4596362525320708,
S2_todas_las_barras_5pb,slippage,12789.192033717478,0.12789192033717478,0.0693758853789277,-55648.95625217352,0.2298190818847202,
S2_todas_las_barras_5pb,dividendos,9997.096101522859,0.09997096101522858,0.05422996162954449,-55648.95625217352,0.17964570721184722,
S2_todas_las_barras_5pb,fx,-15849.873834882517,-0.15849873834882516,-0.0859787723524901,-55648.95625217352,-0.28481888794209786,
B2_sensibilidad_10pb,comisiones,16125.669043614713,0.16125669043614713,0.15530399821357826,-135814.09236228527,0.11873340065918454,
B2_sensibilidad_10pb,slippage,16125.794806644066,0.16125794806644067,0.15530520941921774,-135814.09236228527,0.1187343266531456,
B2_sensibilidad_10pb,dividendos,10321.362809792194,0.10321362809792194,0.09940356006552054,-135814.09236228527,0.07599625804853792,
B2_sensibilidad_10pb,fx,-8042.528876690552,-0.08042528876690552,-0.07745643836047739,-135814.09236228527,-0.05921718973931687,
S2_sensibilidad_10pb,comisiones,11029.22618418675,0.1102922618418675,0.15449800704859346,-168259.52341771562,0.06554889708564045,
S2_sensibilidad_10pb,slippage,11029.314473233746,0.11029314473233746,0.1544992438064201,-168259.52341771562,0.06554942180510477,
S2_sensibilidad_10pb,dividendos,5156.99117033738,0.0515699117033738,0.07223941597341242,-168259.52341771562,0.030649029936539174,
S2_sensibilidad_10pb,fx,-1749.5081879262148,-0.01749508187926215,-0.024507206927838227,-168259.52341771562,-0.010397677066889953,
benchmark_5pb,comisiones,450.1495849823411,0.004501495849823411,0.0018756598650157164,,,
benchmark_5pb,slippage,54.87952610994607,0.0005487952610994607,0.0002286691534760517,,,
benchmark_5pb,dividendos,9923.74567776053,0.09923745677760529,0.041349747060477254,,,
benchmark_5pb,fx,,,,,,NO_IDENTIFICABLE: el ledger benchmark no separa efecto FX realizado como columna fx_eur.
benchmark_10pb,comisiones,449.7956490206114,0.0044979564902061136,0.0018769089896358648,,,
benchmark_10pb,slippage,109.69894155572798,0.0010969894155572798,0.0004577521592478772,,,
benchmark_10pb,dividendos,9918.449137793103,0.09918449137793102,0.04138774216803708,,,
benchmark_10pb,fx,,,,,,NO_IDENTIFICABLE: el ledger benchmark no separa efecto FX realizado como columna fx_eur.
