corrida,tipo,clave,valor
B2_primaria_5pb,resumen,exposicion_media_reconstruida,0.8370945714679114
B2_primaria_5pb,resumen,exposicion_media_publicada,0.8370945714679114
B2_primaria_5pb,resumen,cash_medio_fraccion_reconstruida,0.16290542853208848
B2_primaria_5pb,resumen,cash_medio_fraccion_publicada,0.16290542853208848
B2_primaria_5pb,resumen,cash_minimo_eur_reconstruida,31.346239370128387
B2_primaria_5pb,resumen,cash_minimo_eur_publicada,31.346239370128387
B2_primaria_5pb,resumen,posiciones_media_reconstruida,10.476712328767123
B2_primaria_5pb,resumen,posiciones_media_publicada,10.476712328767123
B2_primaria_5pb,resumen,posiciones_max_reconstruida,16.0
B2_primaria_5pb,resumen,posiciones_max_publicada,16.0
B2_primaria_5pb,resumen,exposicion_p95_publicada,0.9975783120861487
B2_primaria_5pb,distribucion_posiciones,0,74
B2_primaria_5pb,distribucion_posiciones,1,3
B2_primaria_5pb,distribucion_posiciones,3,4
B2_primaria_5pb,distribucion_posiciones,4,14
B2_primaria_5pb,distribucion_posiciones,5,12
B2_primaria_5pb,distribucion_posiciones,6,15
B2_primaria_5pb,distribucion_posiciones,7,18
B2_primaria_5pb,distribucion_posiciones,8,21
B2_primaria_5pb,distribucion_posiciones,9,61
B2_primaria_5pb,distribucion_posiciones,10,103
B2_primaria_5pb,distribucion_posiciones,11,272
B2_primaria_5pb,distribucion_posiciones,12,244
B2_primaria_5pb,distribucion_posiciones,13,159
B2_primaria_5pb,distribucion_posiciones,14,46
B2_primaria_5pb,distribucion_posiciones,15,37
B2_primaria_5pb,distribucion_posiciones,16,12
B2_primaria_5pb,bucket_exposicion,definicion,Retorno r_t=V_t/V_{t-1}-1; exposición al cierre del día t-1.
B2_primaria_5pb,bucket_exposicion,"[0,0.25]:dias",77.0
B2_primaria_5pb,bucket_exposicion,"[0,0.25]:media_r_sis",-0.00024533840330163205
B2_primaria_5pb,bucket_exposicion,"[0,0.25]:mediana_r_sis",0.0
B2_primaria_5pb,bucket_exposicion,"[0,0.25]:media_r_bench",0.0029586231556803203
B2_primaria_5pb,bucket_exposicion,"[0,0.25]:mediana_r_bench",0.0011190961181590797
B2_primaria_5pb,bucket_exposicion,"[0,0.25]:media_exceso",-0.0032039615589819523
B2_primaria_5pb,bucket_exposicion,"[0,0.25]:mediana_exceso",-0.0012317943544541965
B2_primaria_5pb,bucket_exposicion,"[0,0.25]:suma_exceso",-0.2467050400416103
B2_primaria_5pb,bucket_exposicion,"(0.25,0.5]:dias",30.0
B2_primaria_5pb,bucket_exposicion,"(0.25,0.5]:media_r_sis",0.0016763386296755223
B2_primaria_5pb,bucket_exposicion,"(0.25,0.5]:mediana_r_sis",0.0025001045249117837
B2_primaria_5pb,bucket_exposicion,"(0.25,0.5]:media_r_bench",0.003194796689323461
B2_primaria_5pb,bucket_exposicion,"(0.25,0.5]:mediana_r_bench",0.0051798855556939305
B2_primaria_5pb,bucket_exposicion,"(0.25,0.5]:media_exceso",-0.0015184580596479388
B2_primaria_5pb,bucket_exposicion,"(0.25,0.5]:mediana_exceso",-0.003619397616580311
B2_primaria_5pb,bucket_exposicion,"(0.25,0.5]:suma_exceso",-0.04555374178943816
B2_primaria_5pb,bucket_exposicion,"(0.5,0.75]:dias",72.0
B2_primaria_5pb,bucket_exposicion,"(0.5,0.75]:media_r_sis",-7.329632910382183e-05
B2_primaria_5pb,bucket_exposicion,"(0.5,0.75]:mediana_r_sis",-0.0003557062188547233
B2_primaria_5pb,bucket_exposicion,"(0.5,0.75]:media_r_bench",0.0022360007568310134
B2_primaria_5pb,bucket_exposicion,"(0.5,0.75]:mediana_r_bench",0.002979903047367838
B2_primaria_5pb,bucket_exposicion,"(0.5,0.75]:media_exceso",-0.0023092970859348353
B2_primaria_5pb,bucket_exposicion,"(0.5,0.75]:mediana_exceso",-0.0029765978577708796
B2_primaria_5pb,bucket_exposicion,"(0.5,0.75]:suma_exceso",-0.16626939018730813
B2_primaria_5pb,bucket_exposicion,"(0.75,0.9]:dias",227.0
B2_primaria_5pb,bucket_exposicion,"(0.75,0.9]:media_r_sis",0.001302644474758622
B2_primaria_5pb,bucket_exposicion,"(0.75,0.9]:mediana_r_sis",0.001426498920886754
B2_primaria_5pb,bucket_exposicion,"(0.75,0.9]:media_r_bench",0.0019870087086192047
B2_primaria_5pb,bucket_exposicion,"(0.75,0.9]:mediana_r_bench",0.0018169746775649198
B2_primaria_5pb,bucket_exposicion,"(0.75,0.9]:media_exceso",-0.0006843642338605828
B2_primaria_5pb,bucket_exposicion,"(0.75,0.9]:mediana_exceso",-0.0005188732000267482
B2_primaria_5pb,bucket_exposicion,"(0.75,0.9]:suma_exceso",-0.1553506810863523
B2_primaria_5pb,bucket_exposicion,"(0.9,1]:dias",688.0
B2_primaria_5pb,bucket_exposicion,"(0.9,1]:media_r_sis",0.0006071982533596669
B2_primaria_5pb,bucket_exposicion,"(0.9,1]:mediana_r_sis",0.0011723589316370298
B2_primaria_5pb,bucket_exposicion,"(0.9,1]:media_r_bench",0.0005319393221874434
B2_primaria_5pb,bucket_exposicion,"(0.9,1]:mediana_r_bench",0.0011161925919319637
B2_primaria_5pb,bucket_exposicion,"(0.9,1]:media_exceso",7.52589311722235e-05
B2_primaria_5pb,bucket_exposicion,"(0.9,1]:mediana_exceso",-0.0001716820524458873
B2_primaria_5pb,bucket_exposicion,"(0.9,1]:suma_exceso",0.05177814464648978
B2_primaria_5pb,bucket_exposicion_por_anio,"2022:[0,0.25]:dias",63
B2_primaria_5pb,bucket_exposicion_por_anio,"2025:[0,0.25]:dias",14
B2_primaria_5pb,bucket_exposicion_por_anio,"2026:[0,0.25]:dias",1
B2_primaria_5pb,bucket_exposicion_por_anio,"2022:(0.25,0.5]:dias",11
B2_primaria_5pb,bucket_exposicion_por_anio,"2023:(0.25,0.5]:dias",4
B2_primaria_5pb,bucket_exposicion_por_anio,"2024:(0.25,0.5]:dias",6
B2_primaria_5pb,bucket_exposicion_por_anio,"2025:(0.25,0.5]:dias",4
B2_primaria_5pb,bucket_exposicion_por_anio,"2026:(0.25,0.5]:dias",5
B2_primaria_5pb,bucket_exposicion_por_anio,"2022:(0.5,0.75]:dias",22
B2_primaria_5pb,bucket_exposicion_por_anio,"2023:(0.5,0.75]:dias",14
B2_primaria_5pb,bucket_exposicion_por_anio,"2024:(0.5,0.75]:dias",17
B2_primaria_5pb,bucket_exposicion_por_anio,"2025:(0.5,0.75]:dias",6
B2_primaria_5pb,bucket_exposicion_por_anio,"2026:(0.5,0.75]:dias",13
B2_primaria_5pb,bucket_exposicion_por_anio,"2022:(0.75,0.9]:dias",9
B2_primaria_5pb,bucket_exposicion_por_anio,"2023:(0.75,0.9]:dias",71
B2_primaria_5pb,bucket_exposicion_por_anio,"2024:(0.75,0.9]:dias",50
B2_primaria_5pb,bucket_exposicion_por_anio,"2025:(0.75,0.9]:dias",55
B2_primaria_5pb,bucket_exposicion_por_anio,"2026:(0.75,0.9]:dias",42
B2_primaria_5pb,bucket_exposicion_por_anio,"2022:(0.9,1]:dias",39
B2_primaria_5pb,bucket_exposicion_por_anio,"2023:(0.9,1]:dias",171
B2_primaria_5pb,bucket_exposicion_por_anio,"2024:(0.9,1]:dias",188
B2_primaria_5pb,bucket_exposicion_por_anio,"2025:(0.9,1]:dias",181
B2_primaria_5pb,bucket_exposicion_por_anio,"2026:(0.9,1]:dias",109
S2_primaria_5pb,resumen,exposicion_media_reconstruida,0.6053556936504817
S2_primaria_5pb,resumen,exposicion_media_publicada,0.6053556936504817
S2_primaria_5pb,resumen,cash_medio_fraccion_reconstruida,0.3946443063495183
S2_primaria_5pb,resumen,cash_medio_fraccion_publicada,0.3946443063495183
S2_primaria_5pb,resumen,cash_minimo_eur_reconstruida,12.850513753153777
S2_primaria_5pb,resumen,cash_minimo_eur_publicada,12.850513753153777
S2_primaria_5pb,resumen,posiciones_media_reconstruida,7.421917808219178
S2_primaria_5pb,resumen,posiciones_media_publicada,7.421917808219178
S2_primaria_5pb,resumen,posiciones_max_reconstruida,15.0
S2_primaria_5pb,resumen,posiciones_max_publicada,15.0
S2_primaria_5pb,resumen,exposicion_p95_publicada,0.968472154865402
S2_primaria_5pb,distribucion_posiciones,0,141
S2_primaria_5pb,distribucion_posiciones,1,15
S2_primaria_5pb,distribucion_posiciones,2,40
S2_primaria_5pb,distribucion_posiciones,3,23
S2_primaria_5pb,distribucion_posiciones,4,34
S2_primaria_5pb,distribucion_posiciones,5,34
S2_primaria_5pb,distribucion_posiciones,6,57
S2_primaria_5pb,distribucion_posiciones,7,90
S2_primaria_5pb,distribucion_posiciones,8,102
S2_primaria_5pb,distribucion_posiciones,9,112
S2_primaria_5pb,distribucion_posiciones,10,177
S2_primaria_5pb,distribucion_posiciones,11,172
S2_primaria_5pb,distribucion_posiciones,12,80
S2_primaria_5pb,distribucion_posiciones,13,14
S2_primaria_5pb,distribucion_posiciones,14,3
S2_primaria_5pb,distribucion_posiciones,15,1
S2_primaria_5pb,bucket_exposicion,definicion,Retorno r_t=V_t/V_{t-1}-1; exposición al cierre del día t-1.
S2_primaria_5pb,bucket_exposicion,"[0,0.25]:dias",219.0
S2_primaria_5pb,bucket_exposicion,"[0,0.25]:media_r_sis",0.00014833305066492454
S2_primaria_5pb,bucket_exposicion,"[0,0.25]:mediana_r_sis",0.0
S2_primaria_5pb,bucket_exposicion,"[0,0.25]:media_r_bench",0.0021659597721430095
S2_primaria_5pb,bucket_exposicion,"[0,0.25]:mediana_r_bench",0.0012317943544541965
S2_primaria_5pb,bucket_exposicion,"[0,0.25]:media_exceso",-0.002017626721478085
S2_primaria_5pb,bucket_exposicion,"[0,0.25]:mediana_exceso",-0.0014619983258996605
S2_primaria_5pb,bucket_exposicion,"[0,0.25]:suma_exceso",-0.4418602520037006
S2_primaria_5pb,bucket_exposicion,"(0.25,0.5]:dias",113.0
S2_primaria_5pb,bucket_exposicion,"(0.25,0.5]:media_r_sis",-0.00033531784146385304
S2_primaria_5pb,bucket_exposicion,"(0.25,0.5]:mediana_r_sis",0.0002645806486942792
S2_primaria_5pb,bucket_exposicion,"(0.25,0.5]:media_r_bench",0.00013395059853273586
S2_primaria_5pb,bucket_exposicion,"(0.25,0.5]:mediana_r_bench",0.0006969275028134714
S2_primaria_5pb,bucket_exposicion,"(0.25,0.5]:media_exceso",-0.00046926843999658887
S2_primaria_5pb,bucket_exposicion,"(0.25,0.5]:mediana_exceso",-0.0010788428545509543
S2_primaria_5pb,bucket_exposicion,"(0.25,0.5]:suma_exceso",-0.053027333719614544
S2_primaria_5pb,bucket_exposicion,"(0.5,0.75]:dias",280.0
S2_primaria_5pb,bucket_exposicion,"(0.5,0.75]:media_r_sis",0.0009844115335087967
S2_primaria_5pb,bucket_exposicion,"(0.5,0.75]:mediana_r_sis",0.0007674551563855436
S2_primaria_5pb,bucket_exposicion,"(0.5,0.75]:media_r_bench",0.0013088851491643329
S2_primaria_5pb,bucket_exposicion,"(0.5,0.75]:mediana_r_bench",0.0016453474435360604
S2_primaria_5pb,bucket_exposicion,"(0.5,0.75]:media_exceso",-0.0003244736156555362
S2_primaria_5pb,bucket_exposicion,"(0.5,0.75]:mediana_exceso",-0.0008857175644181869
S2_primaria_5pb,bucket_exposicion,"(0.5,0.75]:suma_exceso",-0.09085261238355014
S2_primaria_5pb,bucket_exposicion,"(0.75,0.9]:dias",265.0
S2_primaria_5pb,bucket_exposicion,"(0.75,0.9]:media_r_sis",0.0002978816122053108
S2_primaria_5pb,bucket_exposicion,"(0.75,0.9]:mediana_r_sis",0.0008767395379360998
S2_primaria_5pb,bucket_exposicion,"(0.75,0.9]:media_r_bench",0.0004624506167575656
S2_primaria_5pb,bucket_exposicion,"(0.75,0.9]:mediana_r_bench",0.0009920130804355054
S2_primaria_5pb,bucket_exposicion,"(0.75,0.9]:media_exceso",-0.00016456900455225475
S2_primaria_5pb,bucket_exposicion,"(0.75,0.9]:mediana_exceso",4.1981129246360105e-05
S2_primaria_5pb,bucket_exposicion,"(0.75,0.9]:suma_exceso",-0.04361078620634751
S2_primaria_5pb,bucket_exposicion,"(0.9,1]:dias",217.0
S2_primaria_5pb,bucket_exposicion,"(0.9,1]:media_r_sis",0.0012339568137562447
S2_primaria_5pb,bucket_exposicion,"(0.9,1]:mediana_r_sis",0.001329819645131236
S2_primaria_5pb,bucket_exposicion,"(0.9,1]:media_r_bench",0.001489199565622837
S2_primaria_5pb,bucket_exposicion,"(0.9,1]:mediana_r_bench",0.0018147232385072876
S2_primaria_5pb,bucket_exposicion,"(0.9,1]:media_exceso",-0.0002552427518665924
S2_primaria_5pb,bucket_exposicion,"(0.9,1]:mediana_exceso",0.00012104681970415143
S2_primaria_5pb,bucket_exposicion,"(0.9,1]:suma_exceso",-0.05538767715505055
S2_primaria_5pb,bucket_exposicion_por_anio,"2022:[0,0.25]:dias",112
S2_primaria_5pb,bucket_exposicion_por_anio,"2023:[0,0.25]:dias",25
S2_primaria_5pb,bucket_exposicion_por_anio,"2024:[0,0.25]:dias",26
S2_primaria_5pb,bucket_exposicion_por_anio,"2025:[0,0.25]:dias",39
S2_primaria_5pb,bucket_exposicion_por_anio,"2026:[0,0.25]:dias",18
S2_primaria_5pb,bucket_exposicion_por_anio,"2022:(0.25,0.5]:dias",10
S2_primaria_5pb,bucket_exposicion_por_anio,"2023:(0.25,0.5]:dias",23
S2_primaria_5pb,bucket_exposicion_por_anio,"2024:(0.25,0.5]:dias",26
S2_primaria_5pb,bucket_exposicion_por_anio,"2025:(0.25,0.5]:dias",37
S2_primaria_5pb,bucket_exposicion_por_anio,"2026:(0.25,0.5]:dias",17
S2_primaria_5pb,bucket_exposicion_por_anio,"2022:(0.5,0.75]:dias",3
S2_primaria_5pb,bucket_exposicion_por_anio,"2023:(0.5,0.75]:dias",74
S2_primaria_5pb,bucket_exposicion_por_anio,"2024:(0.5,0.75]:dias",53
S2_primaria_5pb,bucket_exposicion_por_anio,"2025:(0.5,0.75]:dias",76
S2_primaria_5pb,bucket_exposicion_por_anio,"2026:(0.5,0.75]:dias",74
S2_primaria_5pb,bucket_exposicion_por_anio,"2022:(0.75,0.9]:dias",17
S2_primaria_5pb,bucket_exposicion_por_anio,"2023:(0.75,0.9]:dias",77
S2_primaria_5pb,bucket_exposicion_por_anio,"2024:(0.75,0.9]:dias",71
S2_primaria_5pb,bucket_exposicion_por_anio,"2025:(0.75,0.9]:dias",63
S2_primaria_5pb,bucket_exposicion_por_anio,"2026:(0.75,0.9]:dias",37
S2_primaria_5pb,bucket_exposicion_por_anio,"2022:(0.9,1]:dias",2
S2_primaria_5pb,bucket_exposicion_por_anio,"2023:(0.9,1]:dias",61
S2_primaria_5pb,bucket_exposicion_por_anio,"2024:(0.9,1]:dias",85
S2_primaria_5pb,bucket_exposicion_por_anio,"2025:(0.9,1]:dias",45
S2_primaria_5pb,bucket_exposicion_por_anio,"2026:(0.9,1]:dias",24
C0_primaria_5pb,resumen,exposicion_media_reconstruida,0.5313221187586629
C0_primaria_5pb,resumen,exposicion_media_publicada,0.5313221187586629
C0_primaria_5pb,resumen,cash_medio_fraccion_reconstruida,0.46867788124133714
C0_primaria_5pb,resumen,cash_medio_fraccion_publicada,0.46867788124133714
C0_primaria_5pb,resumen,cash_minimo_eur_reconstruida,11.790008249068705
C0_primaria_5pb,resumen,cash_minimo_eur_publicada,11.790008249068705
C0_primaria_5pb,resumen,posiciones_media_reconstruida,5.851141552511415
C0_primaria_5pb,resumen,posiciones_media_publicada,5.851141552511415
C0_primaria_5pb,resumen,posiciones_max_reconstruida,13.0
C0_primaria_5pb,resumen,posiciones_max_publicada,13.0
C0_primaria_5pb,resumen,exposicion_p95_publicada,0.9796530282071806
C0_primaria_5pb,distribucion_posiciones,0,156
C0_primaria_5pb,distribucion_posiciones,1,32
C0_primaria_5pb,distribucion_posiciones,2,63
C0_primaria_5pb,distribucion_posiciones,3,63
C0_primaria_5pb,distribucion_posiciones,4,66
C0_primaria_5pb,distribucion_posiciones,5,81
C0_primaria_5pb,distribucion_posiciones,6,83
C0_primaria_5pb,distribucion_posiciones,7,113
C0_primaria_5pb,distribucion_posiciones,8,97
C0_primaria_5pb,distribucion_posiciones,9,161
C0_primaria_5pb,distribucion_posiciones,10,108
C0_primaria_5pb,distribucion_posiciones,11,69
C0_primaria_5pb,distribucion_posiciones,12,1
C0_primaria_5pb,distribucion_posiciones,13,2
C0_primaria_5pb,bucket_exposicion,definicion,Retorno r_t=V_t/V_{t-1}-1; exposición al cierre del día t-1.
C0_primaria_5pb,bucket_exposicion,"[0,0.25]:dias",273.0
C0_primaria_5pb,bucket_exposicion,"[0,0.25]:media_r_sis",7.890019345471804e-05
C0_primaria_5pb,bucket_exposicion,"[0,0.25]:mediana_r_sis",0.0
C0_primaria_5pb,bucket_exposicion,"[0,0.25]:media_r_bench",0.0019424627478753216
C0_primaria_5pb,bucket_exposicion,"[0,0.25]:mediana_r_bench",0.0014951250960104634
C0_primaria_5pb,bucket_exposicion,"[0,0.25]:media_exceso",-0.0018635625544206036
C0_primaria_5pb,bucket_exposicion,"[0,0.25]:mediana_exceso",-0.0016741817495091738
C0_primaria_5pb,bucket_exposicion,"[0,0.25]:suma_exceso",-0.5087525773568248
C0_primaria_5pb,bucket_exposicion,"(0.25,0.5]:dias",182.0
C0_primaria_5pb,bucket_exposicion,"(0.25,0.5]:media_r_sis",-0.0005903875797474295
C0_primaria_5pb,bucket_exposicion,"(0.25,0.5]:mediana_r_sis",0.00015752094165677466
C0_primaria_5pb,bucket_exposicion,"(0.25,0.5]:media_r_bench",0.00017231899683927632
C0_primaria_5pb,bucket_exposicion,"(0.25,0.5]:mediana_r_bench",0.0005444991629429685
C0_primaria_5pb,bucket_exposicion,"(0.25,0.5]:media_exceso",-0.0007627065765867058
C0_primaria_5pb,bucket_exposicion,"(0.25,0.5]:mediana_exceso",-0.0012504913309548948
C0_primaria_5pb,bucket_exposicion,"(0.25,0.5]:suma_exceso",-0.13881259693878045
C0_primaria_5pb,bucket_exposicion,"(0.5,0.75]:dias",265.0
C0_primaria_5pb,bucket_exposicion,"(0.5,0.75]:media_r_sis",0.0008343497218014784
C0_primaria_5pb,bucket_exposicion,"(0.5,0.75]:mediana_r_sis",0.0012707435703578351
C0_primaria_5pb,bucket_exposicion,"(0.5,0.75]:media_r_bench",0.001257213231533123
C0_primaria_5pb,bucket_exposicion,"(0.5,0.75]:mediana_r_bench",0.001278309899664709
C0_primaria_5pb,bucket_exposicion,"(0.5,0.75]:media_exceso",-0.0004228635097316447
C0_primaria_5pb,bucket_exposicion,"(0.5,0.75]:mediana_exceso",-0.00036575789730597386
C0_primaria_5pb,bucket_exposicion,"(0.5,0.75]:suma_exceso",-0.11205883007888584
C0_primaria_5pb,bucket_exposicion,"(0.75,0.9]:dias",235.0
C0_primaria_5pb,bucket_exposicion,"(0.75,0.9]:media_r_sis",0.00032622229072313055
C0_primaria_5pb,bucket_exposicion,"(0.75,0.9]:mediana_r_sis",-0.00011849412568976092
C0_primaria_5pb,bucket_exposicion,"(0.75,0.9]:media_r_bench",0.0007192625917962739
C0_primaria_5pb,bucket_exposicion,"(0.75,0.9]:mediana_r_bench",0.001071737534856565
C0_primaria_5pb,bucket_exposicion,"(0.75,0.9]:media_exceso",-0.0003930403010731433
C0_primaria_5pb,bucket_exposicion,"(0.75,0.9]:mediana_exceso",-0.0005200093932091754
C0_primaria_5pb,bucket_exposicion,"(0.75,0.9]:suma_exceso",-0.09236447075218868
C0_primaria_5pb,bucket_exposicion,"(0.9,1]:dias",139.0
C0_primaria_5pb,bucket_exposicion,"(0.9,1]:media_r_sis",0.001491238318538849
C0_primaria_5pb,bucket_exposicion,"(0.9,1]:mediana_r_sis",0.0023197403111101522
C0_primaria_5pb,bucket_exposicion,"(0.9,1]:media_r_bench",0.0017110256522109993
C0_primaria_5pb,bucket_exposicion,"(0.9,1]:mediana_r_bench",0.0027841145900071584
C0_primaria_5pb,bucket_exposicion,"(0.9,1]:media_exceso",-0.00021978733367215034
C0_primaria_5pb,bucket_exposicion,"(0.9,1]:mediana_exceso",-0.0004825440347930865
C0_primaria_5pb,bucket_exposicion,"(0.9,1]:suma_exceso",-0.030550439380428895
C0_primaria_5pb,bucket_exposicion_por_anio,"2022:[0,0.25]:dias",120
C0_primaria_5pb,bucket_exposicion_por_anio,"2023:[0,0.25]:dias",30
C0_primaria_5pb,bucket_exposicion_por_anio,"2024:[0,0.25]:dias",38
C0_primaria_5pb,bucket_exposicion_por_anio,"2025:[0,0.25]:dias",54
C0_primaria_5pb,bucket_exposicion_por_anio,"2026:[0,0.25]:dias",32
C0_primaria_5pb,bucket_exposicion_por_anio,"2022:(0.25,0.5]:dias",3
C0_primaria_5pb,bucket_exposicion_por_anio,"2023:(0.25,0.5]:dias",48
C0_primaria_5pb,bucket_exposicion_por_anio,"2024:(0.25,0.5]:dias",36
C0_primaria_5pb,bucket_exposicion_por_anio,"2025:(0.25,0.5]:dias",60
C0_primaria_5pb,bucket_exposicion_por_anio,"2026:(0.25,0.5]:dias",35
C0_primaria_5pb,bucket_exposicion_por_anio,"2022:(0.5,0.75]:dias",16
C0_primaria_5pb,bucket_exposicion_por_anio,"2023:(0.5,0.75]:dias",81
C0_primaria_5pb,bucket_exposicion_por_anio,"2024:(0.5,0.75]:dias",49
C0_primaria_5pb,bucket_exposicion_por_anio,"2025:(0.5,0.75]:dias",78
C0_primaria_5pb,bucket_exposicion_por_anio,"2026:(0.5,0.75]:dias",41
C0_primaria_5pb,bucket_exposicion_por_anio,"2022:(0.75,0.9]:dias",3
C0_primaria_5pb,bucket_exposicion_por_anio,"2023:(0.75,0.9]:dias",61
C0_primaria_5pb,bucket_exposicion_por_anio,"2024:(0.75,0.9]:dias",72
C0_primaria_5pb,bucket_exposicion_por_anio,"2025:(0.75,0.9]:dias",50
C0_primaria_5pb,bucket_exposicion_por_anio,"2026:(0.75,0.9]:dias",49
C0_primaria_5pb,bucket_exposicion_por_anio,"2022:(0.9,1]:dias",2
C0_primaria_5pb,bucket_exposicion_por_anio,"2023:(0.9,1]:dias",40
C0_primaria_5pb,bucket_exposicion_por_anio,"2024:(0.9,1]:dias",66
C0_primaria_5pb,bucket_exposicion_por_anio,"2025:(0.9,1]:dias",18
C0_primaria_5pb,bucket_exposicion_por_anio,"2026:(0.9,1]:dias",13
B2_todas_las_barras_5pb,resumen,exposicion_media_reconstruida,0.955023767832368
B2_todas_las_barras_5pb,resumen,exposicion_media_publicada,0.955023767832368
B2_todas_las_barras_5pb,resumen,cash_medio_fraccion_reconstruida,0.044976232167632094
B2_todas_las_barras_5pb,resumen,cash_medio_fraccion_publicada,0.044976232167632094
B2_todas_las_barras_5pb,resumen,cash_minimo_eur_reconstruida,6.211580297685941
B2_todas_las_barras_5pb,resumen,cash_minimo_eur_publicada,6.211580297685941
B2_todas_las_barras_5pb,resumen,posiciones_media_reconstruida,13.58904109589041
B2_todas_las_barras_5pb,resumen,posiciones_media_publicada,13.58904109589041
B2_todas_las_barras_5pb,resumen,posiciones_max_reconstruida,19.0
B2_todas_las_barras_5pb,resumen,posiciones_max_publicada,19.0
B2_todas_las_barras_5pb,resumen,exposicion_p95_publicada,0.9984628652684385
B2_todas_las_barras_5pb,distribucion_posiciones,0,1
B2_todas_las_barras_5pb,distribucion_posiciones,3,1
B2_todas_las_barras_5pb,distribucion_posiciones,6,3
B2_todas_las_barras_5pb,distribucion_posiciones,7,1
B2_todas_las_barras_5pb,distribucion_posiciones,8,3
B2_todas_las_barras_5pb,distribucion_posiciones,9,3
B2_todas_las_barras_5pb,distribucion_posiciones,10,20
B2_todas_las_barras_5pb,distribucion_posiciones,11,75
B2_todas_las_barras_5pb,distribucion_posiciones,12,215
B2_todas_las_barras_5pb,distribucion_posiciones,13,234
B2_todas_las_barras_5pb,distribucion_posiciones,14,199
B2_todas_las_barras_5pb,distribucion_posiciones,15,179
B2_todas_las_barras_5pb,distribucion_posiciones,16,88
B2_todas_las_barras_5pb,distribucion_posiciones,17,42
B2_todas_las_barras_5pb,distribucion_posiciones,18,28
B2_todas_las_barras_5pb,distribucion_posiciones,19,3
B2_todas_las_barras_5pb,bucket_exposicion,definicion,Retorno r_t=V_t/V_{t-1}-1; exposición al cierre del día t-1.
B2_todas_las_barras_5pb,bucket_exposicion,"[0,0.25]:dias",0.0
B2_todas_las_barras_5pb,bucket_exposicion,"[0,0.25]:media_r_sis",0.0
B2_todas_las_barras_5pb,bucket_exposicion,"[0,0.25]:mediana_r_sis",0.0
B2_todas_las_barras_5pb,bucket_exposicion,"[0,0.25]:media_r_bench",0.0
B2_todas_las_barras_5pb,bucket_exposicion,"[0,0.25]:mediana_r_bench",0.0
B2_todas_las_barras_5pb,bucket_exposicion,"[0,0.25]:media_exceso",0.0
B2_todas_las_barras_5pb,bucket_exposicion,"[0,0.25]:mediana_exceso",0.0
B2_todas_las_barras_5pb,bucket_exposicion,"[0,0.25]:suma_exceso",0
B2_todas_las_barras_5pb,bucket_exposicion,"(0.25,0.5]:dias",3.0
B2_todas_las_barras_5pb,bucket_exposicion,"(0.25,0.5]:media_r_sis",-0.028792677941738603
B2_todas_las_barras_5pb,bucket_exposicion,"(0.25,0.5]:mediana_r_sis",-0.03912693381499566
B2_todas_las_barras_5pb,bucket_exposicion,"(0.25,0.5]:media_r_bench",-0.013832524446220481
B2_todas_las_barras_5pb,bucket_exposicion,"(0.25,0.5]:mediana_r_bench",-0.020409300587951762
B2_todas_las_barras_5pb,bucket_exposicion,"(0.25,0.5]:media_exceso",-0.014960153495518122
B2_todas_las_barras_5pb,bucket_exposicion,"(0.25,0.5]:mediana_exceso",-0.018717633227043895
B2_todas_las_barras_5pb,bucket_exposicion,"(0.25,0.5]:suma_exceso",-0.04488046048655436
B2_todas_las_barras_5pb,bucket_exposicion,"(0.5,0.75]:dias",10.0
B2_todas_las_barras_5pb,bucket_exposicion,"(0.5,0.75]:media_r_sis",-0.006209583401613039
B2_todas_las_barras_5pb,bucket_exposicion,"(0.5,0.75]:mediana_r_sis",-0.0063096995296201275
B2_todas_las_barras_5pb,bucket_exposicion,"(0.5,0.75]:media_r_bench",-0.0009285567118485716
B2_todas_las_barras_5pb,bucket_exposicion,"(0.5,0.75]:mediana_r_bench",-0.0013330813131338104
B2_todas_las_barras_5pb,bucket_exposicion,"(0.5,0.75]:media_exceso",-0.005281026689764467
B2_todas_las_barras_5pb,bucket_exposicion,"(0.5,0.75]:mediana_exceso",-0.003888180857436252
B2_todas_las_barras_5pb,bucket_exposicion,"(0.5,0.75]:suma_exceso",-0.052810266897644675
B2_todas_las_barras_5pb,bucket_exposicion,"(0.75,0.9]:dias",152.0
B2_todas_las_barras_5pb,bucket_exposicion,"(0.75,0.9]:media_r_sis",-0.0002379151218775688
B2_todas_las_barras_5pb,bucket_exposicion,"(0.75,0.9]:mediana_r_sis",0.0013408927004779914
B2_todas_las_barras_5pb,bucket_exposicion,"(0.75,0.9]:media_r_bench",0.0007526108088468002
B2_todas_las_barras_5pb,bucket_exposicion,"(0.75,0.9]:mediana_r_bench",0.0010840545373941302
B2_todas_las_barras_5pb,bucket_exposicion,"(0.75,0.9]:media_exceso",-0.000990525930724369
B2_todas_las_barras_5pb,bucket_exposicion,"(0.75,0.9]:mediana_exceso",-0.000773103200768066
B2_todas_las_barras_5pb,bucket_exposicion,"(0.75,0.9]:suma_exceso",-0.1505599414701041
B2_todas_las_barras_5pb,bucket_exposicion,"(0.9,1]:dias",929.0
B2_todas_las_barras_5pb,bucket_exposicion,"(0.9,1]:media_r_sis",0.0012594656868362233
B2_todas_las_barras_5pb,bucket_exposicion,"(0.9,1]:mediana_r_sis",0.0013198188890384266
B2_todas_las_barras_5pb,bucket_exposicion,"(0.9,1]:media_r_bench",0.0013326818796478746
B2_todas_las_barras_5pb,bucket_exposicion,"(0.9,1]:mediana_r_bench",0.0015677036967778335
B2_todas_las_barras_5pb,bucket_exposicion,"(0.9,1]:media_exceso",-7.321619281165133e-05
B2_todas_las_barras_5pb,bucket_exposicion,"(0.9,1]:mediana_exceso",-0.00010742104090422089
B2_todas_las_barras_5pb,bucket_exposicion,"(0.9,1]:suma_exceso",-0.06801784312202408
B2_todas_las_barras_5pb,bucket_exposicion_por_anio,"2026:[0,0.25]:dias",1
B2_todas_las_barras_5pb,bucket_exposicion_por_anio,"2024:(0.25,0.5]:dias",1
B2_todas_las_barras_5pb,bucket_exposicion_por_anio,"2025:(0.25,0.5]:dias",2
B2_todas_las_barras_5pb,bucket_exposicion_por_anio,"2022:(0.5,0.75]:dias",4
B2_todas_las_barras_5pb,bucket_exposicion_por_anio,"2023:(0.5,0.75]:dias",1
B2_todas_las_barras_5pb,bucket_exposicion_por_anio,"2024:(0.5,0.75]:dias",3
B2_todas_las_barras_5pb,bucket_exposicion_por_anio,"2025:(0.5,0.75]:dias",2
B2_todas_las_barras_5pb,bucket_exposicion_por_anio,"2022:(0.75,0.9]:dias",24
B2_todas_las_barras_5pb,bucket_exposicion_por_anio,"2023:(0.75,0.9]:dias",40
B2_todas_las_barras_5pb,bucket_exposicion_por_anio,"2024:(0.75,0.9]:dias",35
B2_todas_las_barras_5pb,bucket_exposicion_por_anio,"2025:(0.75,0.9]:dias",35
B2_todas_las_barras_5pb,bucket_exposicion_por_anio,"2026:(0.75,0.9]:dias",18
B2_todas_las_barras_5pb,bucket_exposicion_por_anio,"2022:(0.9,1]:dias",116
B2_todas_las_barras_5pb,bucket_exposicion_por_anio,"2023:(0.9,1]:dias",219
B2_todas_las_barras_5pb,bucket_exposicion_por_anio,"2024:(0.9,1]:dias",222
B2_todas_las_barras_5pb,bucket_exposicion_por_anio,"2025:(0.9,1]:dias",221
B2_todas_las_barras_5pb,bucket_exposicion_por_anio,"2026:(0.9,1]:dias",151
S2_todas_las_barras_5pb,resumen,exposicion_media_reconstruida,0.9507091081962176
S2_todas_las_barras_5pb,resumen,exposicion_media_publicada,0.9507091081962176
S2_todas_las_barras_5pb,resumen,cash_medio_fraccion_reconstruida,0.049290891803782454
S2_todas_las_barras_5pb,resumen,cash_medio_fraccion_publicada,0.049290891803782454
S2_todas_las_barras_5pb,resumen,cash_minimo_eur_reconstruida,19.59345013510392
S2_todas_las_barras_5pb,resumen,cash_minimo_eur_publicada,19.59345013510392
S2_todas_las_barras_5pb,resumen,posiciones_media_reconstruida,14.189041095890412
S2_todas_las_barras_5pb,resumen,posiciones_media_publicada,14.189041095890412
S2_todas_las_barras_5pb,resumen,posiciones_max_reconstruida,21.0
S2_todas_las_barras_5pb,resumen,posiciones_max_publicada,21.0
S2_todas_las_barras_5pb,resumen,exposicion_p95_publicada,0.9989667004784205
S2_todas_las_barras_5pb,distribucion_posiciones,0,1
S2_todas_las_barras_5pb,distribucion_posiciones,5,1
S2_todas_las_barras_5pb,distribucion_posiciones,6,1
S2_todas_las_barras_5pb,distribucion_posiciones,8,1
S2_todas_las_barras_5pb,distribucion_posiciones,9,5
S2_todas_las_barras_5pb,distribucion_posiciones,10,14
S2_todas_las_barras_5pb,distribucion_posiciones,11,59
S2_todas_las_barras_5pb,distribucion_posiciones,12,156
S2_todas_las_barras_5pb,distribucion_posiciones,13,197
S2_todas_las_barras_5pb,distribucion_posiciones,14,237
S2_todas_las_barras_5pb,distribucion_posiciones,15,131
S2_todas_las_barras_5pb,distribucion_posiciones,16,141
S2_todas_las_barras_5pb,distribucion_posiciones,17,82
S2_todas_las_barras_5pb,distribucion_posiciones,18,29
S2_todas_las_barras_5pb,distribucion_posiciones,19,13
S2_todas_las_barras_5pb,distribucion_posiciones,20,18
S2_todas_las_barras_5pb,distribucion_posiciones,21,9
S2_todas_las_barras_5pb,bucket_exposicion,definicion,Retorno r_t=V_t/V_{t-1}-1; exposición al cierre del día t-1.
S2_todas_las_barras_5pb,bucket_exposicion,"[0,0.25]:dias",0.0
S2_todas_las_barras_5pb,bucket_exposicion,"[0,0.25]:media_r_sis",0.0
S2_todas_las_barras_5pb,bucket_exposicion,"[0,0.25]:mediana_r_sis",0.0
S2_todas_las_barras_5pb,bucket_exposicion,"[0,0.25]:media_r_bench",0.0
S2_todas_las_barras_5pb,bucket_exposicion,"[0,0.25]:mediana_r_bench",0.0
S2_todas_las_barras_5pb,bucket_exposicion,"[0,0.25]:media_exceso",0.0
S2_todas_las_barras_5pb,bucket_exposicion,"[0,0.25]:mediana_exceso",0.0
S2_todas_las_barras_5pb,bucket_exposicion,"[0,0.25]:suma_exceso",0
S2_todas_las_barras_5pb,bucket_exposicion,"(0.25,0.5]:dias",2.0
S2_todas_las_barras_5pb,bucket_exposicion,"(0.25,0.5]:media_r_sis",-0.017319555557020583
S2_todas_las_barras_5pb,bucket_exposicion,"(0.25,0.5]:mediana_r_sis",-0.017319555557020583
S2_todas_las_barras_5pb,bucket_exposicion,"(0.25,0.5]:media_r_bench",-0.0013992859386683376
S2_todas_las_barras_5pb,bucket_exposicion,"(0.25,0.5]:mediana_r_bench",-0.0013992859386683376
S2_todas_las_barras_5pb,bucket_exposicion,"(0.25,0.5]:media_exceso",-0.015920269618352245
S2_todas_las_barras_5pb,bucket_exposicion,"(0.25,0.5]:mediana_exceso",-0.015920269618352245
S2_todas_las_barras_5pb,bucket_exposicion,"(0.25,0.5]:suma_exceso",-0.03184053923670449
S2_todas_las_barras_5pb,bucket_exposicion,"(0.5,0.75]:dias",9.0
S2_todas_las_barras_5pb,bucket_exposicion,"(0.5,0.75]:media_r_sis",-0.011262746757937888
S2_todas_las_barras_5pb,bucket_exposicion,"(0.5,0.75]:mediana_r_sis",-0.004072880741087803
S2_todas_las_barras_5pb,bucket_exposicion,"(0.5,0.75]:media_r_bench",-0.00857169755278527
S2_todas_las_barras_5pb,bucket_exposicion,"(0.5,0.75]:mediana_r_bench",-0.0010893758204667536
S2_todas_las_barras_5pb,bucket_exposicion,"(0.5,0.75]:media_exceso",-0.002691049205152618
S2_todas_las_barras_5pb,bucket_exposicion,"(0.5,0.75]:mediana_exceso",-0.002189199741713166
S2_todas_las_barras_5pb,bucket_exposicion,"(0.5,0.75]:suma_exceso",-0.024219442846373562
S2_todas_las_barras_5pb,bucket_exposicion,"(0.75,0.9]:dias",192.0
S2_todas_las_barras_5pb,bucket_exposicion,"(0.75,0.9]:media_r_sis",0.0008605555875312911
S2_todas_las_barras_5pb,bucket_exposicion,"(0.75,0.9]:mediana_r_sis",0.0006618941116453003
S2_todas_las_barras_5pb,bucket_exposicion,"(0.75,0.9]:media_r_bench",0.0014695911755667715
S2_todas_las_barras_5pb,bucket_exposicion,"(0.75,0.9]:mediana_r_bench",0.001597031254710335
S2_todas_las_barras_5pb,bucket_exposicion,"(0.75,0.9]:media_exceso",-0.0006090355880354805
S2_todas_las_barras_5pb,bucket_exposicion,"(0.75,0.9]:mediana_exceso",-0.001235078094728892
S2_todas_las_barras_5pb,bucket_exposicion,"(0.75,0.9]:suma_exceso",-0.11693483290281226
S2_todas_las_barras_5pb,bucket_exposicion,"(0.9,1]:dias",891.0
S2_todas_las_barras_5pb,bucket_exposicion,"(0.9,1]:media_r_sis",0.0012127113553301971
S2_todas_las_barras_5pb,bucket_exposicion,"(0.9,1]:mediana_r_sis",0.0016236522685928456
S2_todas_las_barras_5pb,bucket_exposicion,"(0.9,1]:media_r_bench",0.0012339590491852145
S2_todas_las_barras_5pb,bucket_exposicion,"(0.9,1]:mediana_r_bench",0.0014563144975650033
S2_todas_las_barras_5pb,bucket_exposicion,"(0.9,1]:media_exceso",-2.1247693855017172e-05
S2_todas_las_barras_5pb,bucket_exposicion,"(0.9,1]:mediana_exceso",0.0001661898486235991
S2_todas_las_barras_5pb,bucket_exposicion,"(0.9,1]:suma_exceso",-0.0189316952248203
S2_todas_las_barras_5pb,bucket_exposicion_por_anio,"2026:[0,0.25]:dias",1
S2_todas_las_barras_5pb,bucket_exposicion_por_anio,"2025:(0.25,0.5]:dias",2
S2_todas_las_barras_5pb,bucket_exposicion_por_anio,"2022:(0.5,0.75]:dias",2
S2_todas_las_barras_5pb,bucket_exposicion_por_anio,"2023:(0.5,0.75]:dias",1
S2_todas_las_barras_5pb,bucket_exposicion_por_anio,"2024:(0.5,0.75]:dias",3
S2_todas_las_barras_5pb,bucket_exposicion_por_anio,"2025:(0.5,0.75]:dias",3
S2_todas_las_barras_5pb,bucket_exposicion_por_anio,"2022:(0.75,0.9]:dias",31
S2_todas_las_barras_5pb,bucket_exposicion_por_anio,"2023:(0.75,0.9]:dias",47
S2_todas_las_barras_5pb,bucket_exposicion_por_anio,"2024:(0.75,0.9]:dias",43
S2_todas_las_barras_5pb,bucket_exposicion_por_anio,"2025:(0.75,0.9]:dias",38
S2_todas_las_barras_5pb,bucket_exposicion_por_anio,"2026:(0.75,0.9]:dias",33
S2_todas_las_barras_5pb,bucket_exposicion_por_anio,"2022:(0.9,1]:dias",111
S2_todas_las_barras_5pb,bucket_exposicion_por_anio,"2023:(0.9,1]:dias",212
S2_todas_las_barras_5pb,bucket_exposicion_por_anio,"2024:(0.9,1]:dias",215
S2_todas_las_barras_5pb,bucket_exposicion_por_anio,"2025:(0.9,1]:dias",217
S2_todas_las_barras_5pb,bucket_exposicion_por_anio,"2026:(0.9,1]:dias",136
